{
    "nmos_currentmirror_array": [19, 20, 21, 22, 23, 24, 25],
    "nmos_currentmirror": [26, 27],
    "dp_nmos_1x_a": [36, 35, 37],
    "dp_nmos_1x_b": [39, 40, 38],
    "dp_nmos_4x_a": [45, 46, 44, 47],
    "dp_nmos_4x_b": [42, 41, 43, 47],
    "cs_nmos_4x_a": [28, 29],
    "cs_nmos_4x_b": [30, 31],
    "ota_nmos": [19, 32, 33, 34],
    "pmos_currentmirror_array": [68, 67, 66, 65, 64, 63],
    "pmos_currentmirror": [62, 61],
    "dp_pmos_1x_a": [12, 13, 14],
    "dp_pmos_1x_b": [17, 16, 15],
    "dp_pmos_4x_a": [6, 7, 8, 5],
    "dp_pmos_4x_b": [9, 10, 11, 5],
    "cs_pmos_4x_a": [57, 58],
    "cs_pmos_4x_b": [59, 60],
    "ota_pmos": [68, 56, 55, 54],
    "inverter_a": [53, 52, 51],
    "inverter_b": [48, 50, 49],
    "chip_vdd": [1],
    "chip_vss": [18]
}