250,20.1969,177.841
250.925,20.2002,177.825
251.853,20.1888,177.849
252.785,20.193,177.829
253.72,20.1914,177.74
254.659,20.1904,177.753
255.601,20.1909,177.692
256.546,20.1925,177.679
257.495,20.1943,177.659
258.448,20.2045,177.672
259.404,20.1874,177.599
260.364,20.182,177.557
261.327,20.176,177.555
262.294,20.1859,177.511
263.264,20.1884,177.523
264.238,20.1875,177.474
265.215,20.1892,177.454
266.196,20.1845,177.439
267.181,20.1804,177.468
268.17,20.1976,177.313
269.162,20.1962,177.282
270.157,20.1769,177.382
271.157,20.2003,177.256
272.16,20.1928,177.29
273.167,20.1855,177.215
274.177,20.1915,177.24
275.192,20.1939,177.129
276.21,20.1834,177.129
277.232,20.1864,177.09
278.257,20.1873,177.022
279.286,20.189,176.975
280.32,20.1879,177.005
281.357,20.1988,176.968
282.398,20.1955,176.869
283.442,20.1972,176.871
284.491,20.2078,176.806
285.543,20.1823,176.767
286.6,20.2005,176.864
287.66,20.1958,176.784
288.724,20.1852,176.761
289.792,20.1963,176.793
290.864,20.206,176.755
291.94,20.1993,176.655
293.02,20.1995,176.738
294.104,20.1882,176.658
295.192,20.1942,176.654
296.284,20.1952,176.57
297.38,20.2077,176.553
298.48,20.2006,176.561
299.585,20.1992,176.612
300.693,20.1877,176.438
301.805,20.1924,176.464
302.922,20.205,176.445
304.042,20.1879,176.428
305.167,20.189,176.324
306.296,20.2017,176.369
307.429,20.2013,176.295
308.567,20.2029,176.357
309.708,20.1977,176.308
310.854,20.202,176.165
312.004,20.1975,176.21
313.158,20.2077,176.132
314.316,20.2092,176.075
315.479,20.189,176.049
316.646,20.1851,175.98
317.818,20.1977,176.084
318.993,20.1762,175.972
320.174,20.1975,175.998
321.358,20.204,175.859
322.547,20.2083,175.907
323.74,20.191,175.952
324.938,20.1997,175.752
326.14,20.2022,175.754
327.346,20.1984,175.814
328.557,20.2113,175.741
329.773,20.2037,175.675
330.993,20.1848,175.747
332.217,20.1935,175.628
333.446,20.1779,175.579
334.68,20.1968,175.755
335.918,20.1829,175.567
337.161,20.2047,175.527
338.408,20.1847,175.54
339.66,20.2005,175.537
340.916,20.1882,175.399
342.177,20.1951,175.418
343.443,20.1863,175.357
344.714,20.1871,175.383
345.989,20.2056,175.312
347.269,20.1855,175.411
348.554,20.1815,175.287
349.843,20.1934,175.168
351.137,20.1763,175.094
352.436,20.1881,175.045
353.74,20.2039,175.16
355.049,20.1875,175.102
356.362,20.1845,174.945
357.681,20.1924,174.914
359.004,20.1673,174.964
360.332,20.1798,175.067
361.665,20.1815,175.032
363.003,20.1789,174.821
364.346,20.1577,174.914
365.694,20.1916,174.72
367.046,20.1864,174.765
368.404,20.1843,174.698
369.767,20.1736,174.61
371.135,20.1692,174.476
372.508,20.1789,174.576
373.886,20.1755,174.66
375.269,20.1647,174.504
376.658,20.1597,174.472
378.051,20.1448,174.455
379.45,20.1479,174.407
380.853,20.1607,174.351
382.262,20.1822,174.37
383.676,20.1771,174.373
385.096,20.1754,174.478
386.52,20.1751,174.187
387.95,20.1462,174.325
389.385,20.1667,174.091
390.826,20.1488,174.149
392.272,20.1324,174.309
393.723,20.1411,174.041
395.179,20.1374,174.033
396.641,20.1428,174.05
398.109,20.1535,174.007
399.581,20.1524,174.065
401.06,20.1867,174.033
402.543,20.1697,173.804
404.032,20.1349,173.912
405.527,20.1461,173.855
407.027,20.1419,173.875
408.533,20.141,174.002
410.044,20.1293,173.652
411.561,20.1717,173.832
413.084,20.1654,173.707
414.612,20.1406,173.614
416.146,20.1653,173.782
417.685,20.132,173.745
419.231,20.1543,173.727
420.781,20.1234,173.606
422.338,20.1536,173.539
423.9,20.1521,173.461
425.469,20.1369,173.539
427.043,20.1704,173.413
428.622,20.116,173.296
430.208,20.1181,173.39
431.8,20.1273,173.265
433.397,20.1477,173.259
435,20.1157,173.02
436.61,20.1119,173.318
438.225,20.1172,173.215
439.846,20.1363,173.244
441.473,20.1304,172.919
443.106,20.1477,172.98
444.745,20.1295,172.633
446.391,20.168,172.887
448.042,20.1193,172.951
449.7,20.1713,172.958
451.363,20.1651,172.905
453.033,20.1504,172.557
454.709,20.165,172.669
456.391,20.1663,172.594
458.079,20.1323,172.824
459.774,20.1123,172.578
461.475,20.1634,172.701
463.182,20.1643,172.626
464.896,20.1396,172.532
466.616,20.1516,172.705
468.342,20.1784,172.507
470.074,20.1223,172.423
471.813,20.1596,172.456
473.559,20.1393,172.418
475.311,20.1369,172.463
477.069,20.1814,172.583
478.834,20.1418,171.947
480.605,20.1499,171.949
482.383,20.1152,172.369
484.168,20.1357,172.056
485.959,20.1324,172.025
487.757,20.1428,171.977
489.561,20.0977,172.111
491.372,20.1429,171.67
493.19,20.1171,171.772
495.014,20.1479,171.814
496.846,20.1147,171.8
498.684,20.1012,171.878
500.528,20.1261,171.801
502.38,20.1497,171.683
504.239,20.1557,171.588
506.104,20.1011,171.648
507.976,20.1117,171.541
509.855,20.1322,171.475
511.742,20.1171,171.45
513.635,20.1307,171.369
515.535,20.098,171.426
517.442,20.1452,171.472
519.356,20.1315,171.22
521.278,20.0918,171.461
523.206,20.1009,171.398
525.142,20.1019,171.27
527.084,20.1355,171.138
529.034,20.1062,171.003
530.991,20.0988,170.946
532.956,20.105,170.877
534.927,20.09,171.135
536.906,20.0916,170.983
538.892,20.0957,171.04
540.886,20.1099,170.872
542.887,20.1199,170.759
544.895,20.0686,170.823
546.911,20.0805,170.932
548.934,20.0695,170.724
550.965,20.0966,170.583
553.003,20.086,170.735
555.049,20.1063,170.563
557.102,20.0873,170.602
559.163,20.0949,170.733
561.232,20.0617,170.508
563.308,20.0967,170.241
565.392,20.0962,170.523
567.484,20.0965,170.383
569.583,20.0867,170.387
571.69,20.0823,170.258
573.805,20.0746,170.133
575.928,20.074,170.368
578.058,20.0984,170.294
580.197,20.0982,170.234
582.343,20.0845,170.185
584.497,20.0972,170.023
586.66,20.0945,169.969
588.83,20.0782,170.07
591.008,20.0614,169.806
593.195,20.0713,169.618
595.389,20.0725,169.541
597.592,20.1127,169.661
599.803,20.1045,169.75
602.021,20.0533,169.632
604.249,20.0707,169.695
606.484,20.0707,169.543
608.728,20.0862,169.425
610.979,20.069,169.259
613.24,20.0418,169.294
615.508,20.0226,169.361
617.785,20.0859,169.179
620.071,20.0825,169.128
622.365,20.0537,169.296
624.667,20.0705,169.193
626.978,20.0371,169.082
629.297,20.0846,168.987
631.625,20.0896,169.053
633.962,20.0826,168.761
636.307,20.0835,168.936
638.661,20.081,169.044
641.024,20.0625,168.763
643.395,20.0697,168.853
645.776,20.0412,168.775
648.164,20.0526,168.844
650.562,20.0555,168.719
652.969,20.0498,168.808
655.385,20.0574,168.338
657.809,20.067,168.649
660.243,20.0146,168.682
662.685,20.0529,168.337
665.137,20.0386,168.454
667.597,20.036,168.283
670.067,20.0151,168.316
672.546,20.0367,168.408
675.034,20.0129,168.024
677.531,20.0218,168.379
680.037,19.9992,168.229
682.553,20.0546,168.158
685.078,20.0096,168.056
687.613,20.0357,167.883
690.156,20.0131,167.844
692.71,20.0274,167.8
695.272,20.0252,167.888
697.844,20.0386,167.508
700.426,20.0592,167.751
703.017,20.0427,167.788
705.618,20.0412,167.764
708.228,19.9953,167.36
710.848,20.0023,167.594
713.478,20.0422,167.416
716.117,20.0121,167.268
718.766,19.9994,167.313
721.425,20.0265,167.343
724.094,20.0501,167.325
726.773,20.0277,167.392
729.462,20.0286,167.308
732.16,19.964,166.955
734.869,19.9999,167.146
737.587,19.9846,166.972
740.316,19.9945,166.852
743.055,19.9808,166.793
745.804,19.9862,166.797
748.563,20.0161,166.754
751.332,19.959,166.808
754.111,19.9377,166.859
756.901,19.9551,166.355
759.701,19.9716,166.717
762.512,19.9757,166.713
765.332,19.9904,166.415
768.164,19.9685,166.249
771.005,19.9472,166.154
773.858,19.9703,166.235
776.72,19.9589,166.139
779.594,19.9783,166.277
782.478,19.9262,165.953
785.373,20.0039,165.782
788.278,20.0036,165.743
791.194,19.9359,165.994
794.121,19.9374,165.879
797.059,19.9612,165.758
800.008,19.9473,165.749
802.967,19.9434,165.653
805.938,19.9509,165.618
808.919,19.9686,165.613
811.912,19.9351,165.456
814.915,19.92,165.436
817.93,19.9847,165.508
820.956,19.9065,165.512
823.993,19.9025,165.389
827.041,19.9582,165.071
830.101,19.9281,165.308
833.171,19.9442,165.153
836.254,19.9771,165.16
839.347,19.9338,165.073
842.452,19.9392,164.947
845.569,19.914,164.715
848.697,19.9433,164.643
851.837,19.9564,164.892
854.988,19.879,164.357
858.151,19.9473,164.445
861.326,19.9473,164.626
864.512,19.8799,164.36
867.71,19.8958,164.368
870.92,19.8571,164.188
874.142,19.9235,164.247
877.376,19.9041,164.248
880.622,19.8952,164.141
883.879,19.9054,164.268
887.149,19.9177,164.137
890.431,19.8902,163.759
893.725,19.8528,163.729
897.031,19.9344,163.657
900.35,19.9024,164.159
903.681,19.8623,163.646
907.024,19.8837,163.826
910.379,19.9206,163.377
913.747,19.8982,163.857
917.127,19.8532,163.501
920.52,19.8738,163.351
923.925,19.8619,163.417
927.343,19.8812,163.407
930.774,19.8764,162.928
934.217,19.8365,163.452
937.673,19.8429,162.727
941.142,19.8068,162.836
944.624,19.8046,163.154
948.118,19.8774,162.941
951.626,19.8344,163.061
955.146,19.8456,162.423
958.68,19.8308,163.036
962.226,19.8766,162.774
965.786,19.8235,162.569
969.359,19.8481,162.558
972.945,19.8528,162.373
976.544,19.8056,162.158
980.157,19.7746,162.246
983.783,19.7774,162.52
987.422,19.7854,162.49
991.075,19.8292,162.327
994.741,19.8269,161.918
998.421,19.8301,162.046
1002.11,19.77,161.915
1005.82,19.7922,161.856
1009.54,19.774,161.823
1013.28,19.7724,161.616
1017.03,19.7731,161.653
1020.79,19.7639,161.658
1024.57,19.7692,161.517
1028.36,19.776,161.537
1032.16,19.751,161.375
1035.98,19.7559,161.104
1039.81,19.7433,161.178
1043.66,19.7336,161.228
1047.52,19.7667,161.03
1051.39,19.7354,161.092
1055.28,19.736,161.02
1059.19,19.7096,161.005
1063.11,19.7212,160.842
1067.04,19.7368,160.701
1070.99,19.7094,160.529
1074.95,19.7092,160.687
1078.92,19.7031,160.655
1082.92,19.7063,160.584
1086.92,19.6933,160.471
1090.94,19.7024,160.584
1094.98,19.7051,160.325
1099.03,19.6911,160.204
1103.09,19.6716,160.267
1107.18,19.6773,159.93
1111.27,19.6763,159.913
1115.38,19.6624,160.06
1119.51,19.6902,159.749
1123.65,19.6626,159.722
1127.81,19.699,159.722
1131.98,19.6282,159.605
1136.17,19.6616,159.479
1140.37,19.6447,159.276
1144.59,19.6216,159.187
1148.82,19.646,159.395
1153.07,19.6238,159.413
1157.34,19.6538,159.288
1161.62,19.6304,159.159
1165.92,19.6093,159.024
1170.23,19.6547,158.911
1174.56,19.621,158.951
1178.9,19.6149,158.853
1183.27,19.5827,158.745
1187.64,19.5961,158.782
1192.04,19.6091,158.601
1196.45,19.5966,158.711
1200.87,19.6229,158.36
1205.32,19.5928,158.344
1209.77,19.6147,158.163
1214.25,19.5691,158.038
1218.74,19.574,158.037
1223.25,19.5562,158.006
1227.78,19.608,157.935
1232.32,19.5594,157.832
1236.88,19.5677,157.689
1241.45,19.5764,157.807
1246.04,19.5513,157.475
1250.65,19.521,157.348
1255.28,19.558,157.361
1259.92,19.5191,157.511
1264.59,19.5325,157.297
1269.26,19.5616,157.161
1273.96,19.4854,157.082
1278.67,19.5363,157.038
1283.4,19.5321,157.111
1288.15,19.5176,156.79
1292.92,19.5259,156.792
1297.7,19.5134,156.708
1302.5,19.4857,156.733
1307.32,19.4577,156.365
1312.15,19.5068,156.533
1317.01,19.5287,156.215
1321.88,19.4784,156.357
1326.77,19.5089,156.388
1331.68,19.4804,156.196
1336.61,19.441,155.961
1341.55,19.4534,156.085
1346.51,19.4303,155.833
1351.49,19.3996,155.829
1356.49,19.4472,155.902
1361.51,19.4354,155.868
1366.55,19.4223,155.449
1371.6,19.4638,155.577
1376.68,19.4332,155.431
1381.77,19.388,155.176
1386.88,19.4088,155.258
1392.01,19.4496,155.228
1397.16,19.4119,155.079
1402.33,19.4293,154.943
1407.52,19.3921,154.88
1412.73,19.4062,154.578
1417.95,19.3726,154.76
1423.2,19.3857,154.824
1428.46,19.3692,154.54
1433.75,19.375,154.573
1439.05,19.4217,154.371
1444.38,19.3827,154.121
1449.72,19.3839,154.465
1455.08,19.3565,154.253
1460.47,19.3022,154.253
1465.87,19.3148,153.758
1471.29,19.3438,154.233
1476.73,19.3165,153.848
1482.2,19.3571,153.4
1487.68,19.3079,153.379
1493.18,19.2471,153.458
1498.71,19.2721,153.231
1504.25,19.2487,153.231
1509.82,19.2561,153.253
1515.4,19.2356,152.814
1521.01,19.3027,152.922
1526.63,19.268,152.939
1532.28,19.2742,152.953
1537.95,19.2431,152.782
1543.64,19.2314,152.699
1549.35,19.2467,152.554
1555.08,19.2376,152.263
1560.84,19.238,152.474
1566.61,19.2715,152.382
1572.41,19.211,152.113
1578.22,19.2506,151.956
1584.06,19.2144,151.953
1589.92,19.2539,151.784
1595.8,19.1758,151.738
1601.71,19.1921,152.08
1607.63,19.1877,151.72
1613.58,19.1286,151.34
1619.55,19.197,151.534
1625.54,19.1559,151.25
1631.55,19.1747,151.146
1637.59,19.1443,151.019
1643.65,19.1038,150.935
1649.73,19.1242,151.005
1655.83,19.1406,151.201
1661.96,19.1379,150.79
1668.1,19.1355,151.092
1674.27,19.0798,150.642
1680.47,19.102,150.503
1686.69,19.1359,150.37
1692.93,19.0708,150.34
1699.19,19.0703,150.482
1705.47,19.0838,150.296
1711.78,19.0584,150.422
1718.12,19.0297,149.965
1724.47,19.1218,150.068
1730.85,19.0446,149.442
1737.25,19.0188,149.565
1743.68,19.0286,149.138
1750.13,19.0398,149.528
1756.61,18.9703,149.711
1763.1,19.0207,149.044
1769.63,18.9925,149.118
1776.17,19.027,148.833
1782.74,18.9748,148.994
1789.34,19.0321,148.888
1795.96,18.9684,148.858
1802.6,18.9627,149.064
1809.27,18.8926,148.682
1815.96,18.9399,148.324
1822.68,18.8712,148.369
1829.43,18.8957,148.231
1836.19,18.8608,147.656
1842.99,18.8732,148.286
1849.8,18.9002,147.969
1856.65,18.8168,147.905
1863.52,18.8711,147.504
1870.41,18.794,147.872
1877.33,18.8604,147.823
1884.27,18.8428,147.497
1891.24,18.79,147.064
1898.24,18.8022,147.379
1905.26,18.8631,146.544
1912.31,18.8606,146.869
1919.39,18.7728,146.905
1926.49,18.8593,147.104
1933.61,18.81,146.518
1940.77,18.7663,146.601
1947.95,18.7634,146.95
1955.15,18.7327,146.406
1962.39,18.6768,146.115
1969.65,18.6918,146.356
1976.93,18.7184,146.125
1984.25,18.7827,145.688
1991.59,18.7688,145.895
1998.95,18.7067,145.724
2006.35,18.7548,145.701
2013.77,18.7142,145.761
2021.22,18.7485,145.865
2028.7,18.705,145.659
2036.2,18.6942,145.173
2043.74,18.5821,145.494
2051.3,18.6393,144.699
2058.88,18.6191,144.926
2066.5,18.5528,145.089
2074.15,18.5711,144.859
2081.82,18.5802,144.547
2089.52,18.5202,144.807
2097.25,18.5794,144.152
2105.01,18.5791,144.318
2112.8,18.5143,143.889
2120.61,18.5776,144.194
2128.46,18.6145,143.527
2136.33,18.5543,144.26
2144.23,18.5198,143.927
2152.17,18.5621,143.061
2160.13,18.4471,143.251
2168.12,18.5049,143.555
2176.14,18.3686,143.225
2184.19,18.4471,143.582
2192.27,18.4669,142.987
2200.38,18.3584,142.476
2208.52,18.4723,142.559
2216.69,18.4482,142.801
2224.89,18.3247,142.183
2233.12,18.3849,142.982
2241.38,18.4249,142.496
2249.68,18.4911,142.609
2258,18.43,142.4
2266.35,18.3341,142.148
2274.74,18.4761,142.108
2283.15,18.4047,141.804
2291.6,18.2832,141.903
2300.07,18.2054,142.128
2308.58,18.2563,141.109
2317.12,18.2543,141.398
2325.7,18.3415,142.054
2334.3,18.2731,140.658
2342.93,18.3069,141.102
2351.6,18.2371,141.09
2360.3,18.3134,140.595
2369.03,18.2126,141.167
2377.8,18.2151,140.694
2386.59,18.2468,141.198
2395.42,18.194,140.972
2404.28,18.1486,140.268
2413.18,18.2697,140.426
2422.11,18.1929,139.751
2431.07,18.1398,140.189
2440.06,18.117,139.046
2449.09,18.1196,140.336
2458.15,18.0665,139.393
2467.24,18.0873,139.595
2476.37,18.2005,139.173
2485.53,18.1436,139.453
2494.72,18.041,139.345
2503.95,17.9132,138.775
2513.22,18.1179,139.037
2522.51,18.0427,139.133
2531.85,18.1153,138.161
2541.21,17.9729,137.948
2550.61,17.9251,138.647
2560.05,17.9722,138.285
2569.52,17.9449,137.474
2579.02,17.9692,138.665
2588.57,17.9753,137.968
2598.14,18.0491,138.421
2607.75,17.9837,138.294
2617.4,17.8996,137.349
2627.08,17.8621,137.693
2636.8,17.862,136.664
2646.56,17.9415,137.551
2656.35,17.7839,137.311
2666.17,17.8214,137.097
2676.04,17.9152,136.825
2685.94,17.738,136.881
2695.87,17.7685,136.719
2705.85,17.8692,135.922
2715.86,17.8399,136.937
2725.9,17.6984,136.17
2735.99,17.7219,136.328
2746.11,17.8318,136.534
2756.27,17.6993,136.65
2766.46,17.6942,135.663
2776.7,17.6755,135.806
2786.97,17.6953,134.962
2797.28,17.6963,135.178
2807.63,17.6085,135.787
2818.02,17.7398,136.129
2828.44,17.5084,135.743
2838.9,17.6077,134.682
2849.41,17.5943,134.834
2859.95,17.6101,135.855
2870.53,17.6433,135.223
2881.15,17.6054,134.892
2891.81,17.5423,134.615
2902.5,17.3865,133.719
2913.24,17.4051,133.759
2924.02,17.5383,134.421
2934.83,17.4369,134.002
2945.69,17.3351,133.208
2956.59,17.3868,133.102
2967.53,17.3511,134.052
2978.5,17.382,133.437
2989.52,17.2404,132.959
3000.58,17.2852,132.843
3011.68,17.2772,133.05
3022.82,17.3691,133.156
3034.01,17.4558,133.798
3045.23,17.3303,133.655
3056.5,17.3374,133.249
3067.8,17.272,132.945
3079.15,17.1127,131.794
3090.54,17.2313,131.583
3101.98,17.2024,131.724
3113.45,17.2135,132.469
3124.97,17.1939,132.061
3136.53,17.3267,132.062
3148.13,17.1977,131.14
3159.78,17.2011,131.984
3171.47,17.1349,131.507
3183.2,17.207,130.646
3194.98,17.0712,130.558
3206.8,17.0598,131.724
3218.66,17.0548,131.243
3230.57,17.0632,129.839
3242.52,17.0261,131.791
3254.51,16.9952,130.151
3266.55,16.9587,130.909
3278.64,16.9786,130.577
3290.77,17.1089,129.931
3302.94,17.0441,130.779
3315.16,16.9473,129.69
3327.42,16.8938,130.199
3339.73,17.0432,130.757
3352.09,16.9109,128.913
3364.49,16.9395,130.013
3376.94,16.9017,129.64
3389.43,16.821,129.411
3401.97,16.8943,130.374
3414.55,16.6745,129.645
3427.18,16.7571,129.614
3439.86,16.7325,128.839
3452.59,16.9172,129.438
3465.36,16.8104,127.931
3478.18,16.6737,129.399
3491.05,16.6785,128.114
3503.96,16.6821,128.386
3516.93,16.7432,129.413
3529.94,16.5802,129.149
3542.99,16.526,128.588
3556.1,16.6151,127.742
3569.26,16.5503,127.746
3582.46,16.7501,127.849
3595.71,16.6661,127.993
3609.02,16.6089,127.246
3622.37,16.4703,127.092
3635.77,16.4756,127.235
3649.22,16.4362,128.347
3662.72,16.3444,127.786
3676.27,16.4565,126.231
3689.87,16.3443,126.735
3703.52,16.3832,126.593
3717.22,16.3186,127.764
3730.97,16.4352,127.144
3744.77,16.2456,125.794
3758.63,16.2393,126.095
3772.53,16.29,125.991
3786.49,16.447,125.526
3800.49,16.096,126.237
3814.55,16.1086,125.507
3828.67,16.2514,125.727
3842.83,16.1779,125.303
3857.05,16.2929,124.198
3871.31,16.2347,124.201
3885.64,16.1528,125.908
3900.01,16.1294,125.439
3914.44,16.0622,124.715
3928.92,16.2312,123.58
3943.45,16.249,124.602
3958.04,15.8919,123.927
3972.68,16.0246,124.969
3987.38,15.9976,124.457
4002.13,15.728,124.374
4016.94,15.8224,125.236
4031.8,16.0586,123.244
4046.71,15.9205,124.584
4061.68,15.9178,123.3
4076.71,15.8713,123.463
4091.79,15.9716,124.719
4106.93,15.6192,123.07
4122.12,15.9137,122.46
4137.37,15.7671,123.712
4152.68,15.7725,122.556
4168.04,15.8934,124.229
4183.46,15.5462,123.853
4198.93,15.5643,123.443
4214.47,15.6519,121.491
4230.06,15.689,121.811
4245.71,15.6053,122.216
4261.41,15.8624,122.783
4277.18,15.4795,120.766
4293,15.3969,121.895
4308.88,15.6631,121.259
4324.82,15.5903,121.585
4340.82,15.5207,121.606
4356.88,15.2606,122.232
4373,15.6193,122.349
4389.18,15.2949,120.534
4405.41,15.5343,121.601
4421.71,15.4754,120.7
4438.07,15.3886,120.975
4454.49,15.2132,119.252
4470.97,15.1285,121.124
4487.51,15.3263,121.671
4504.11,15.432,120.322
4520.77,15.1941,120.204
4537.49,15.2327,120.195
4554.28,15.0357,121.34
4571.13,15.037,118.699
4588.04,15.0479,120.608
4605.01,15.0208,119.899
4622.05,15.2351,119.783
4639.15,15.1239,119.158
4656.31,15.2831,120.671
4673.53,14.8423,119.063
4690.82,14.8567,119.824
4708.18,14.8658,118.661
4725.59,14.8906,118.495
4743.07,14.9602,119.037
4760.62,14.9566,118.58
4778.23,14.8606,116.692
4795.91,14.906,119.99
4813.65,14.8546,117.014
4831.46,14.7584,117.535
4849.33,14.7818,117.638
4867.27,14.8542,117.981
4885.28,14.5103,117.399
4903.35,15.0409,118.063
4921.49,14.6699,116.215
4939.7,14.6121,118.447
4957.97,14.5874,117.144
4976.31,14.7443,116.914
4994.72,14.6904,117.076
5013.2,14.5942,117.711
5031.74,14.6608,117.869
5050.36,14.6294,115.63
5069.04,14.4427,116.993
5087.79,14.4748,117.084
5106.62,14.5864,116.066
5125.51,14.5055,116.295
5144.47,14.447,115.394
5163.5,14.4207,116.995
5182.6,14.5872,116.077
5201.77,14.434,114.775
5221.02,14.3951,116.501
5240.33,14.2961,115.303
5259.72,14.3339,115.576
5279.18,14.2544,114.625
5298.71,14.2856,116.252
5318.31,14.2446,113.989
5337.98,14.0835,114.836
5357.73,14.3121,115.223
5377.55,14.133,115.165
5397.44,14.1315,114.661
5417.41,14.2095,114.122
5437.45,14.0992,113.421
5457.57,13.9544,114.995
5477.76,13.8884,114.306
5498.02,14.1483,114.665
5518.36,13.9178,113.748
5538.78,13.9247,114.056
5559.27,13.9964,113.917
5579.83,13.8696,112.953
5600.47,13.9433,114.493
5621.19,13.7145,113.303
5641.99,14.0001,113.603
5662.86,13.7861,112.386
5683.81,13.8688,113.075
5704.84,13.7537,113.058
5725.94,13.759,113.414
5747.12,13.7629,111.93
5768.38,13.8009,111.782
5789.72,13.5637,113.32
5811.14,13.6658,111.433
5832.64,13.507,112.273
5854.22,13.5568,111.834
5875.87,13.6064,112.196
5897.61,13.6143,112.197
5919.43,13.5157,111.085
5941.33,13.3805,111.194
5963.31,13.5311,110.592
5985.37,13.3275,111.008
6007.51,13.2959,111.469
6029.73,13.4035,111.919
6052.04,13.4053,111.174
6074.43,13.3354,110.778
6096.9,13.3072,111.846
6119.45,13.4285,111.612
6142.09,13.2663,109.702
6164.82,13.1094,111.158
6187.62,13.2315,111.574
6210.51,13.1629,109.932
6233.49,13.1516,110.123
6256.55,13.1907,110.389
6279.69,13.2043,110.191
6302.92,13.221,109.965
6326.24,13.1421,109.125
6349.64,13.1898,110.561
6373.13,12.9104,108.997
6396.71,13.1071,109.438
6420.37,12.9958,110.05
6444.13,12.9177,109.579
6467.97,12.8866,109.214
6491.89,12.9076,109.786
6515.91,12.7125,109.074
6540.01,12.982,108.742
6564.21,12.796,107.694
6588.49,12.7334,107.736
6612.87,12.7423,107.978
6637.33,12.7012,109.057
6661.88,12.6866,108.544
6686.53,12.6648,108.277
6711.26,12.6016,108.692
6736.09,12.6426,107.369
6761.01,12.6011,109.068
6786.02,12.4082,108.466
6811.13,12.6092,106.873
6836.32,12.5437,106.984
6861.61,12.409,107.712
6887,12.4482,107.452
6912.48,12.4257,107.377
6938.05,12.4461,107.508
6963.71,12.359,108.033
6989.48,12.3848,106.113
7015.33,12.4968,107.082
7041.29,12.42,106.077
7067.33,12.4376,106.95
7093.48,12.2381,105.995
7119.72,12.1813,106.356
7146.06,12.2161,106.141
7172.5,12.1764,106.279
7199.03,12.2025,106.41
7225.66,12.0527,106.789
7252.39,11.9361,106.113
7279.22,11.9123,105.373
7306.15,12.1577,105.047
7333.18,11.8455,105.702
7360.31,11.8681,105.599
7387.54,11.9031,105.504
7414.86,11.9311,105.998
7442.3,11.897,105.352
7469.83,11.8872,105.56
7497.46,11.8218,105.925
7525.2,11.7347,104.121
7553.04,11.6398,105.811
7580.98,11.5691,105.258
7609.02,11.7401,103.75
7637.17,11.7207,105.401
7665.42,11.7046,104.762
7693.78,11.5322,103.993
7722.24,11.6206,104.095
7750.81,11.5779,104.291
7779.49,11.5051,104.564
7808.26,11.4566,104.829
7837.15,11.6408,104.438
7866.14,11.625,104.277
7895.24,11.6071,103.966
7924.45,11.4106,104.612
7953.77,11.4064,102.939
7983.19,11.3271,103.575
8012.72,11.2092,103.26
8042.37,11.2484,103.008
8072.12,11.2551,103.115
8101.98,11.2222,102.629
8131.95,11.257,103.679
8162.04,11.3356,102.404
8192.23,11.2391,103.739
8222.54,11.0738,103.724
8252.96,11.2346,102.891
8283.49,11.1765,102.273
8314.13,11.0149,102.389
8344.89,11.0617,103.043
8375.76,10.9266,102.423
8406.74,10.9364,101.981
8437.84,10.8896,101.728
8469.06,10.8757,102.379
8500.39,10.9654,101.007
8531.84,10.67,101.255
8563.4,10.6244,101.409
8595.08,10.6953,102.356
8626.87,10.8773,101.043
8658.79,10.676,101.341
8690.82,10.7094,101.347
8722.97,10.667,101.878
8755.24,10.6222,101.583
8787.63,10.5917,100.765
8820.14,10.6413,100.974
8852.77,10.5167,100.299
8885.52,10.5687,101.629
8918.39,10.3393,100.403
8951.38,10.497,99.129
8984.5,10.4165,99.1897
9017.73,10.5177,99.5219
9051.09,10.351,100.488
9084.58,10.3416,100.1
9118.19,10.4903,100.308
9151.92,10.4377,99.4982
9185.77,10.2616,99.1879
9219.76,10.2431,99.5748
9253.86,10.2399,99.1743
9288.1,10.2059,98.585
9322.46,9.9918,99.5947
9356.94,9.99437,98.3601
9391.56,10.1921,98.054
9426.3,9.98851,98.1019
9461.17,9.96463,99.4074
9496.17,10.0701,98.9265
9531.31,10.0351,99.9022
9566.57,9.79592,98.5459
9601.96,10.0227,99.2768
9637.48,9.85115,98.8244
9673.13,9.85972,98.1669
9708.91,9.7993,98.4012
9744.83,9.90719,97.7321
9780.88,9.75379,99.071
9817.07,9.64213,97.0171
9853.38,9.89308,97.2641
9889.83,9.82769,98.3894
9926.42,9.60205,96.8592
9963.14,9.58448,97.0934
10000,9.56533,97.4228
10023.1,7.71385,93.7443
10046.2,7.67616,94.3038
10069.4,7.69841,93.4813
10092.6,7.70934,93.7589
10115.9,7.67025,93.5363
10139.3,7.68751,93.9666
10162.7,7.70457,93.5859
10186.1,7.59671,93.6875
10209.6,7.58698,93.5398
10233.2,7.58354,93.136
10256.8,7.46972,93.6061
10280.4,7.5107,93.5308
10304.2,7.50819,93.198
10327.9,7.51666,93.3222
10351.8,7.43326,92.8006
10375.7,7.45313,92.6406
10399.6,7.46631,92.9452
10423.6,7.41231,92.9852
10447.7,7.36221,92.7731
10471.8,7.45526,93.1973
10495.9,7.40131,92.9692
10520.2,7.33898,92.7408
10544.4,7.26649,92.7098
10568.8,7.34192,92.9726
10593.1,7.26267,92.0651
10617.6,7.21582,92.6162
10642.1,7.22784,92.5155
10666.6,7.18755,92.1635
10691.3,7.28485,92.3508
10715.9,7.24622,92.2962
10740.7,7.16641,92.3058
10765.4,7.1158,92.1262
10790.3,7.05884,91.8443
10815.2,7.03635,91.6734
10840.1,7.11438,92.2777
10865.2,7.05421,92.0606
10890.2,7.01539,91.7811
10915.4,7.01593,91.403
10940.5,7.08541,91.8309
10965.8,6.95814,91.9234
10991.1,6.97705,91.689
11016.5,6.99255,91.7996
11041.9,6.9692,92.0448
11067.4,6.97739,91.6744
11092.9,6.90482,91.5896
11118.5,6.8833,91.3971
11144.2,6.855,91.0079
11169.9,6.91726,91.4705
11195.6,6.79508,90.8324
11221.5,6.77305,91.3288
11247.4,6.76291,91.2343
11273.3,6.7929,90.8276
11299.3,6.64436,90.8387
11325.4,6.70297,91.3731
11351.5,6.67404,90.8051
11377.7,6.68827,90.8943
11404,6.64104,91.2129
11430.3,6.55507,91.0954
11456.7,6.55992,90.7248
11483.1,6.61062,90.577
11509.6,6.60185,90.5459
11536.2,6.58259,90.9334
11562.8,6.55859,89.8877
11589.5,6.5644,90.207
11616.2,6.48924,90.4841
11643,6.48369,90.5194
11669.9,6.4832,89.8724
11696.8,6.36971,90.7538
11723.8,6.42841,90.5779
11750.9,6.40226,89.919
11778,6.36141,90.0404
11805.2,6.31201,90.1915
11832.4,6.29101,90.4746
11859.7,6.38185,89.6706
11887.1,6.30055,89.6467
11914.5,6.29878,89.852
11942,6.30544,89.466
11969.6,6.28935,89.1135
11997.2,6.21403,89.1322
12024.9,6.19856,89.3012
12052.6,6.19202,89.5662
12080.4,6.16594,89.1309
12108.3,6.08898,89.7982
12136.2,6.14614,88.8065
12164.2,6.1168,89.504
12192.3,6.0903,89.1886
12220.4,6.03506,89.2211
12248.6,5.97895,88.874
12276.9,6.07373,89.6932
12305.2,5.94817,88.9814
12333.6,5.98818,88.8143
12362.1,5.97966,88.7203
12390.6,5.95732,89.2454
12419.2,5.83169,88.5876
12447.9,5.85351,89.0424
12476.6,5.8673,88.7556
12505.4,5.94013,88.1918
12534.2,5.92256,88.5024
12563.2,5.84868,88.4804
12592.2,5.72654,88.4327
12621.2,5.82364,88.142
12650.3,5.77269,88.3083
12679.5,5.72723,88.7982
12708.8,5.72844,87.9522
12738.1,5.70999,88.1642
12767.5,5.67714,88.5729
12797,5.64301,88.1299
12826.5,5.71474,88.6114
12856.1,5.67358,88.3537
12885.8,5.59275,87.876
12915.5,5.64302,87.2446
12945.3,5.6079,88.1063
12975.2,5.54264,87.7767
13005.1,5.45477,87.6397
13035.1,5.5517,87.8859
13065.2,5.49744,87.6516
13095.4,5.56213,87.6014
13125.6,5.4186,87.5195
13155.9,5.44318,87.3742
13186.2,5.38723,86.8863
13216.6,5.36474,87.3532
13247.1,5.27299,86.8852
13277.7,5.42079,87.5449
13308.3,5.35584,87.316
13339.1,5.40209,87.5322
13369.8,5.35762,86.7592
13400.7,5.25405,86.9532
13431.6,5.31052,87.5088
13462.6,5.194,87.1372
13493.7,5.22503,86.9457
13524.8,5.19419,87.427
13556,5.18903,86.2591
13587.3,5.15258,86.6939
13618.7,5.05475,86.9132
13650.1,5.07287,86.7388
13681.6,5.12323,86.4629
13713.1,5.14752,85.8548
13744.8,5.01381,86.2103
13776.5,5.05121,86.0945
13808.3,4.95662,85.7486
13840.2,4.9878,86.5369
13872.1,4.97397,86.0334
13904.1,4.93893,85.459
13936.2,5.01653,86.0758
13968.4,4.95155,86.0251
14000.6,4.99957,85.5661
14032.9,4.85377,86.165
14065.3,4.85018,85.8562
14097.7,4.81771,86.3689
14130.3,4.77574,85.5024
14162.9,4.80942,85.4692
14195.5,4.89584,85.3126
14228.3,4.82685,85.6912
14261.1,4.74361,85.2437
14294,4.61168,85.2758
14327,4.64094,85.3821
14360.1,4.72409,85.127
14393.2,4.78974,85.0193
14426.4,4.62858,84.6656
14459.7,4.58822,85.1418
14493.1,4.49687,85.4231
14526.5,4.58908,85.5341
14560.1,4.61129,84.6842
14593.7,4.56012,84.8919
14627.3,4.50164,84.2353
14661.1,4.56563,84.6867
14694.9,4.48405,84.7701
14728.8,4.51288,85.3229
14762.8,4.39674,84.4718
14796.9,4.46109,84.5711
14831,4.30832,84.302
14865.2,4.47055,84.4878
14899.6,4.37582,84.5402
14933.9,4.24448,84.5196
14968.4,4.39693,83.9197
15002.9,4.34402,84.0378
15037.6,4.30871,84.1303
15072.3,4.34758,83.6718
15107,4.31335,84.0418
15141.9,4.23149,83.8937
15176.8,4.29603,83.4845
15211.9,4.16316,83.5012
15247,4.17458,83.9496
15282.1,4.03944,83.6969
15317.4,4.10832,84.1608
15352.8,4.10036,83.839
15388.2,4.00495,83.1007
15423.7,4.11717,82.9705
15459.3,4.11233,83.6089
15495,4.03454,83.3936
15530.7,3.9984,84.0178
15566.5,4.06044,83.0854
15602.5,3.95988,83.1938
15638.5,3.8817,82.561
15674.6,4.02302,82.9098
15710.7,3.8999,83.2269
15747,3.90008,83.0324
15783.3,3.79213,83.0857
15819.7,3.92234,82.7373
15856.2,3.82636,82.8658
15892.8,3.85576,83.4935
15929.5,3.80569,82.2291
15966.3,3.81294,82.8368
16003.1,3.65822,83.1715
16040,3.82569,82.8287
16077,3.70116,82.2036
16114.1,3.71287,82.3082
16151.3,3.64922,81.6883
16188.6,3.60136,82.465
16226,3.62457,82.1651
16263.4,3.70173,82.9736
16300.9,3.52789,81.8203
16338.5,3.57216,81.7028
16376.2,3.55123,81.9803
16414,3.51222,82.7335
16451.9,3.54544,82.4387
16489.9,3.56083,81.8097
16527.9,3.49408,81.7758
16566.1,3.56185,81.421
16604.3,3.41935,81.982
16642.6,3.44586,81.7016
16681,3.40912,82.4152
16719.5,3.35009,80.9394
16758.1,3.4219,81.4368
16796.7,3.35694,81.3136
16835.5,3.24152,81.8192
16874.4,3.31035,80.8068
16913.3,3.30146,81.4282
16952.3,3.20315,81.9493
16991.4,3.14399,81.0253
17030.7,3.17589,80.9385
17069.9,3.23121,80.8408
17109.3,3.32311,80.7199
17148.8,3.2591,81.1118
17188.4,3.20475,80.8751
17228.1,3.14832,80.7954
17267.8,3.04391,81.3154
17307.7,3.15386,80.171
17347.6,3.03266,80.5291
17387.6,3.05986,80.4569
17427.7,2.91908,80.3084
17468,3.05435,79.895
17508.3,3.01585,80.4766
17548.7,2.98187,79.3246
17589.2,2.86691,80.5896
17629.8,2.87227,80.1968
17670.4,2.92768,79.8998
17711.2,2.99263,79.4155
17752.1,2.90947,80.5956
17793,2.80696,80.1135
17834.1,2.83212,79.749
17875.3,2.84403,78.9478
17916.5,2.82144,79.0975
17957.8,2.73659,79.4113
17999.3,2.78376,79.6399
18040.8,2.8565,80.0091
18082.4,2.7992,79.1616
18124.2,2.66093,79.2086
18166,2.69976,79.2754
18207.9,2.79989,79.5588
18249.9,2.55193,79.1829
18292,2.6782,78.9562
18334.3,2.61753,79.1331
18376.6,2.54052,79.8913
18419,2.59727,79.5952
18461.5,2.60515,78.7861
18504.1,2.50794,78.7766
18546.8,2.61738,79.3136
18589.6,2.55943,79.0778
18632.5,2.51016,78.4861
18675.5,2.43761,78.5752
18718.6,2.3275,79.2313
18761.7,2.43099,77.8681
18805,2.44087,78.4416
18848.4,2.36609,78.4711
18891.9,2.2131,78.0056
18935.5,2.39703,78.7764
18979.2,2.28441,78.5383
19023,2.30254,78.163
19066.9,2.4098,78.4179
19110.9,2.33868,78.3789
19155,2.28395,77.6196
19199.2,2.20361,77.9753
19243.5,2.30848,78.4825
19287.9,2.2608,78.1095
19332.4,2.1363,77.257
19377,2.12223,77.8544
19421.7,2.22514,78.3387
19466.6,2.16592,76.8888
19511.5,2.15525,77.1623
19556.5,2.0601,77.6558
19601.6,2.01797,77.3853
19646.9,1.98335,76.3863
19692.2,2.03673,76.6645
19737.6,1.96241,76.7994
19783.2,1.95603,76.9832
19828.8,1.79249,77.1129
19874.6,1.99874,77.3117
19920.5,1.96464,76.7878
19966.4,1.8878,76.9966
20012.5,1.76101,77.6289
20058.7,1.95614,76.4157
20105,1.75069,76.204
20151.4,1.74122,76.5178
20197.9,1.78244,76.5826
20244.5,1.87719,76.1522
20291.2,1.73867,77.0304
20338,1.73425,76.7006
20384.9,1.67617,76.1518
20432,1.76689,76.9092
20479.1,1.7122,76.7799
20526.4,1.63636,76.6263
20573.7,1.63206,75.8092
20621.2,1.47649,75.0153
20668.8,1.65363,76.4965
20716.5,1.4922,75.3361
20764.3,1.58905,75.9146
20812.2,1.51639,75.5771
20860.2,1.62479,75.1184
20908.4,1.54898,76.0547
20956.6,1.46079,76.0638
21005,1.41888,75.6769
21053.5,1.24002,75.139
21102,1.39277,74.3758
21150.7,1.43502,74.7112
21199.5,1.33449,75.5495
21248.5,1.30596,75.243
21297.5,1.24906,74.0456
21346.6,1.38051,75.6073
21395.9,1.33997,75.2719
21445.3,1.28881,75.0874
21494.7,1.23229,74.8188
21544.3,1.11291,75.5118
21594.1,1.29344,74.7855
21643.9,1.24206,74.6642
21693.8,1.16381,74.2733
21743.9,0.951658,74.5475
21794.1,1.05538,73.5609
21844.4,1.0135,73.9257
21894.8,1.04381,74.6071
21945.3,1.01883,74.1735
21995.9,0.884092,74.7244
22046.7,0.894154,74.43
22097.6,0.966793,73.3641
22148.6,0.911006,73.9384
22199.7,0.970085,73.9865
22250.9,1.09335,74.0937
22302.2,1.01611,73.2258
22353.7,0.796912,73.8631
22405.3,0.891871,73.3361
22457,0.84927,73.5943
22508.8,0.882975,74.5079
22560.7,0.750963,74.1056
22612.8,0.773359,73.9182
22665,0.799115,73.1974
22717.3,0.756921,73.236
22769.7,0.886517,72.8122
22822.2,0.62956,72.3954
22874.9,0.727726,73.5412
22927.7,0.627343,72.8788
22980.6,0.653851,72.9202
23033.6,0.781142,72.5138
23086.8,0.478025,72.7043
23140.1,0.5913,72.1317
23193.5,0.524917,72.5396
23247,0.556973,72.5246
23300.6,0.625273,71.6426
23354.4,0.377876,72.5157
23408.3,0.583247,72.4169
23462.3,0.473508,71.9583
23516.4,0.45905,72.1505
23570.7,0.369502,73.1653
23625.1,0.354975,71.2907
23679.6,0.38543,72.55
23734.2,0.378158,72.2442
23789,0.356778,71.7098
23843.9,0.490725,71.5432
23898.9,0.344272,70.8393
23954.1,0.34858,72.1708
24009.3,0.236879,71.9445
24064.8,0.243755,71.5897
24120.3,0.0641243,71.7859
24175.9,0.248684,70.4606
24231.7,0.276065,71.7157
24287.6,0.239329,71.0499
24343.7,0.171788,70.9824
24399.9,0.12576,69.8506
24456.2,0.186915,70.0905
24512.6,0.216954,70.952
24569.2,0.00179993,71.0996
24625.9,0.0339495,71.0632
24682.7,0.0311667,70.6737
24739.6,-0.153292,71.025
24796.7,-0.151577,70.5832
24853.9,-0.00723433,71.1517
24911.3,-0.0799366,70.803
24968.8,-0.0489777,70.5111
25026.4,-0.265494,70.5559
25084.2,-0.222,70.9258
25142,-0.196297,69.6072
25200,-0.088914,69.7963
25258.2,-0.206962,69.9474
25316.5,-0.0698683,68.9885
25374.9,-0.0674795,70.3994
25433.5,-0.109748,70.1578
25492.1,-0.332707,70.0915
25551,-0.27286,70.0345
25609.9,-0.293944,69.7227
25669,-0.135346,69.2124
25728.3,-0.3289,68.5324
25787.6,-0.458082,69.0496
25847.1,-0.389293,68.8528
25906.8,-0.336047,69.325
25966.6,-0.403952,69.1862
26026.5,-0.532011,68.2232
26086.5,-0.581379,69.4459
26146.7,-0.419306,68.4105
26207.1,-0.451083,69.3137
26267.5,-0.480143,68.6914
26328.2,-0.326295,68.5694
26388.9,-0.710597,68.9193
26449.8,-0.518359,69.425
26510.8,-0.55069,69.1578
26572,-0.559901,68.2235
26633.3,-0.616185,68.2901
26694.8,-0.511564,69.1838
26756.4,-0.559223,67.3848
26818.1,-0.55519,68.3299
26880,-0.731931,67.5597
26942,-0.661579,68.1432
27004.2,-0.727767,67.8654
27066.5,-0.809631,69.0666
27129,-0.661923,68.3961
27191.6,-0.768019,68.5016
27254.3,-0.895133,67.3066
27317.2,-0.792474,67.5975
27380.3,-0.878955,67.5652
27443.4,-0.951501,68.6229
27506.8,-1.05012,67.1498
27570.2,-0.831735,67.7844
27633.9,-0.883922,66.8882
27697.6,-0.938668,67.3993
27761.5,-0.975484,67.0112
27825.6,-1.05827,65.8138
27889.8,-0.877204,66.4855
27954.2,-1.00457,67.6228
28018.7,-1.14437,66.6715
28083.3,-1.10619,66.9524
28148.1,-1.07782,66.5819
28213.1,-0.987645,65.677
28278.2,-1.11381,65.4466
28343.4,-1.27447,66.1156
28408.8,-1.15426,66.9076
28474.4,-1.15741,66.3717
28540.1,-1.22008,66.0981
28606,-1.14483,67.1849
28672,-1.15486,66.8094
28738.1,-1.16666,66.2485
28804.4,-1.20995,66.0341
28870.9,-1.35234,65.43
28937.5,-1.37329,65.7631
29004.3,-1.4614,64.4228
29071.2,-1.34037,66.6095
29138.3,-1.31096,66.2411
29205.6,-1.3704,65.9739
29272.9,-1.51783,65.1959
29340.5,-1.44589,65.0546
29408.2,-1.48777,65.1453
29476.1,-1.66256,65.8496
29544.1,-1.6751,65.4973
29612.3,-1.5705,64.1235
29680.6,-1.56229,65.4623
29749.1,-1.56429,64.4484
29817.7,-1.61301,64.5203
29886.5,-1.81704,65.2885
29955.5,-1.67555,65.6964
30024.6,-1.68473,65.4492
30093.9,-1.58091,64.5424
30163.3,-1.74414,63.8844
30232.9,-1.68204,64.277
30302.7,-1.74093,64.1057
30372.6,-1.96861,64.3564
30442.7,-1.87477,63.1708
30513,-1.83327,63.1045
30583.4,-1.74017,63.6056
30654,-1.79397,63.9685
30724.7,-1.86794,63.8246
30795.6,-1.68393,63.9457
30866.6,-1.96155,62.3828
30937.9,-2.03368,62.7124
31009.3,-1.98759,62.6776
31080.8,-2.05485,63.1249
31152.5,-2.00452,62.9003
31224.4,-2.00094,63.0991
31296.5,-2.08338,64.4169
31368.7,-2.22275,63.3827
31441.1,-2.04946,61.9474
31513.6,-2.00568,63.384
31586.4,-2.04992,62.3986
31659.2,-2.14805,62.3604
31732.3,-2.15848,62.5153
31805.5,-2.03089,61.5557
31878.9,-2.06343,61.6259
31952.5,-2.08609,61.8669
32026.2,-2.1596,61.6403
32100.1,-2.25607,61.6467
32174.2,-2.32248,61.9617
32248.4,-2.2969,61.9429
32322.8,-2.31227,60.6397
32397.4,-2.18098,61.3214
32472.2,-2.34891,62.6517
32547.1,-2.48292,61.8363
32622.2,-2.3462,61.9363
32697.5,-2.40294,61.3279
32772.9,-2.44641,61.4846
32848.6,-2.31257,60.2713
32924.4,-2.29889,61.464
33000.3,-2.64285,61.3747
33076.5,-2.60872,61.6073
33152.8,-2.62429,61.0155
33229.3,-2.56095,60.6096
33306,-2.58117,60.8098
33382.9,-2.5013,62.0707
33459.9,-2.78681,61.3501
33537.1,-2.63052,59.5422
33614.5,-2.53952,60.5257
33692.1,-2.65735,60.9446
33769.8,-2.65505,60.0572
33847.7,-2.70908,60.1003
33925.8,-2.60812,61.3903
34004.1,-2.93273,59.4125
34082.6,-2.6703,59.1675
34161.2,-2.67145,60.0426
34240.1,-2.71404,59.9327
34319.1,-2.87605,59.3854
34398.3,-2.80455,59.6141
34477.6,-2.88166,59.5167
34557.2,-2.68891,59.9445
34636.9,-3.00564,58.2943
34716.9,-3.05297,58.6428
34797,-2.91462,59.9782
34877.3,-2.92706,58.6727
34957.8,-2.99864,59.4494
35038.4,-3.01468,58.8488
35119.3,-3.22623,57.9083
35200.3,-3.24188,59.405
35281.5,-2.91661,58.2768
35363,-3.13409,57.7466
35444.6,-3.06299,59.1255
35526.3,-3.06889,58.4692
35608.3,-3.17755,58.5793
35690.5,-3.19878,58.3464
35772.9,-2.97488,58.3187
35855.4,-3.31749,59.2374
35938.1,-3.17815,58.9484
36021.1,-3.20367,58.7082
36104.2,-3.3545,58.3287
36187.5,-3.3634,57.4575
36271,-3.3207,57.4359
36354.7,-3.34069,57.5962
36438.6,-3.14538,57.7309
36522.7,-3.3652,56.0996
36607,-3.30541,56.4369
36691.4,-3.56553,57.3607
36776.1,-3.50498,56.5396
36861,-3.42396,56.6237
36946,-3.45406,56.9545
37031.3,-3.52246,56.8327
37116.7,-3.7572,57.0348
37202.4,-3.57442,55.4517
37288.2,-3.73905,56.3487
37374.3,-3.59418,55.5557
37460.5,-3.58774,57.06
37546.9,-3.65593,55.8606
37633.6,-3.65325,55.9482
37720.4,-3.6851,56.119
37807.5,-3.81875,57.3447
37894.7,-3.53617,55.2466
37982.2,-3.58448,56.4827
38069.8,-3.59995,55.811
38157.6,-3.76445,54.9465
38245.7,-3.73112,55.4278
38334,-3.76488,55.6842
38422.4,-3.85488,55.4888
38511.1,-3.99382,54.1431
38599.9,-3.88248,53.8193
38689,-3.88426,56.4089
38778.3,-4.04519,55.679
38867.8,-3.98282,54.151
38957.5,-3.8832,54.7904
39047.4,-3.92776,54.9131
39137.5,-4.01765,54.5239
39227.8,-3.95819,56.1355
39318.3,-4.06313,53.1431
39409,-4.24988,54.6009
39500,-4.05594,55.4088
39591.1,-4.17158,55.049
39682.5,-4.23933,54.243
39774,-4.15614,53.5087
39865.8,-4.10227,53.8772
39957.8,-4.17635,53.8146
40050,-4.01645,52.7462
40142.4,-4.13,52.4615
40235.1,-4.08321,52.8829
40327.9,-4.42686,53.6475
40421,-4.40629,52.9652
40514.2,-4.28772,53.9667
40607.7,-4.24202,53.246
40701.4,-4.32685,52.8748
40795.3,-4.36108,52.9557
40889.5,-4.60984,52.37
40983.8,-4.50683,54.0695
41078.4,-4.59951,52.4147
41173.2,-4.29045,52.5673
41268.2,-4.60124,52.4904
41363.4,-4.54247,51.9053
41458.9,-4.43658,52.1873
41554.6,-4.5287,51.9702
41650.4,-4.55801,52.1077
41746.6,-4.73745,53.1886
41842.9,-4.80338,52.1346
41939.4,-4.43921,51.8973
42036.2,-4.51831,52.4441
42133.2,-4.77899,51.3584
42230.4,-4.58885,51.9436
42327.9,-4.66299,51.8479
42425.6,-4.75008,51.5034
42523.5,-4.73875,51.2011
42621.6,-5.00272,51.205
42719.9,-4.98828,51.7749
42818.5,-4.67211,49.9497
42917.3,-4.81648,49.8164
43016.4,-4.95291,51.3973
43115.6,-4.78221,50.1452
43215.1,-4.88704,50.009
43314.8,-4.9099,50.1183
43414.8,-4.91365,50.4131
43515,-4.92065,48.6755
43615.4,-4.7587,50.5729
43716,-5.14402,49.1549
43816.9,-5.19372,50.449
43918,-5.09175,49.0271
44019.4,-4.99578,50.4463
44120.9,-5.02453,50.2117
44222.7,-5.07192,49.1448
44324.8,-5.06548,49.3821
44427.1,-5.1309,49.3762
44529.6,-5.05618,47.9226
44632.3,-5.19046,47.7392
44735.3,-5.31159,48.0932
44838.6,-5.09485,49.6998
44942,-5.37926,48.7049
45045.7,-5.23522,49.5216
45149.7,-5.36386,48.6822
45253.9,-5.25613,48.8681
45358.3,-5.3115,48.2538
45463,-5.39538,46.7625
45567.9,-5.39677,46.7692
45673,-5.46843,47.0455
45778.4,-5.2807,49.159
45884,-5.42455,49.0297
45989.9,-5.55179,47.2378
46096,-5.5357,47.3066
46202.4,-5.41388,47.2174
46309,-5.43415,47.4797
46415.9,-5.53846,47.4778
46523,-5.64191,48.9954
46630.3,-5.7881,46.6257
46738,-5.41101,47.9738
46845.8,-5.51578,48.2264
46953.9,-5.67873,45.9067
47062.2,-5.53759,46.166
47170.8,-5.77713,46.7755
47279.7,-5.59295,46.4359
47388.8,-5.64586,46.4029
47498.1,-5.74282,46.6048
47607.8,-5.73177,46.3502
47717.6,-5.99778,46.396
47827.7,-5.98003,45.7577
47938.1,-5.9481,45.0394
48048.7,-5.88432,44.8326
48159.6,-5.68904,45.6873
48270.7,-5.90266,44.8976
48382.1,-5.9614,45.1695
48493.7,-5.9628,45.1371
48605.6,-5.91205,45.6395
48717.8,-5.9339,45.4147
48830.2,-5.97352,46.7427
48942.9,-6.12629,43.9086
49055.8,-6.0451,46.3147
49169,-5.89755,44.0354
49282.5,-5.88478,44.3175
49396.2,-6.09888,45.5913
49510.2,-6.21209,44.3562
49624.4,-6.20821,44.4026
49739,-6.10998,43.9322
49853.7,-6.18876,44.2689
49968.8,-6.1781,43.9848
50084.1,-6.23524,43.3931
50199.7,-6.16029,44.4366
50315.5,-6.21484,42.9977
50431.6,-6.35384,44.1531
50548,-6.15282,43.4118
50664.6,-6.37619,43.946
50781.5,-6.42575,43.0117
50898.7,-6.42196,43.1777
51016.2,-6.39441,42.7942
51133.9,-6.35009,42.9259
51251.9,-6.40225,42.9027
51370.1,-6.43998,43.2627
51488.7,-6.42881,43.2797
51607.5,-6.40849,43.1503
51726.6,-6.43593,41.6268
51845.9,-6.41273,41.7987
51965.6,-6.6025,42.8593
52085.5,-6.574,41.4496
52205.7,-6.52926,42.4895
52326.1,-6.64907,41.69
52446.9,-6.64309,41.6098
52567.9,-6.62941,41.5755
52689.2,-6.71467,41.2377
52810.8,-6.71393,42.0033
52932.7,-6.78001,41.0955
53054.8,-6.60341,41.5744
53177.2,-6.69651,40.3539
53299.9,-6.82952,40.4279
53422.9,-6.65672,40.8705
53546.2,-6.84438,41.3143
53669.8,-6.89363,40.6494
53793.6,-6.81862,40.8199
53917.7,-6.88934,40.4044
54042.2,-6.89548,40.2102
54166.9,-6.83169,40.0417
54291.9,-6.86458,39.5888
54417.1,-6.84505,39.693
54542.7,-6.87547,39.245
54668.6,-7.10704,39.9487
54794.7,-7.10726,39.1964
54921.2,-6.95183,39.001
55047.9,-7.09438,39.9563
55174.9,-7.06664,38.8034
55302.2,-7.03792,38.9202
55429.9,-7.08493,38.962
55557.8,-7.08425,38.7585
55686,-7.14089,39.313
55814.5,-7.13135,39.1398
55943.3,-7.16943,38.0176
56072.3,-7.11573,38.9216
56201.7,-7.12094,38.2383
56331.4,-7.16349,38.1348
56461.4,-7.36413,37.672
56591.7,-7.36132,37.4567
56722.3,-7.24945,37.7805
56853.2,-7.38814,38.0623
56984.4,-7.39475,37.7131
57115.9,-7.38728,37.5014
57247.7,-7.43655,37.207
57379.8,-7.46812,37.704
57512.2,-7.35792,36.9224
57644.9,-7.392,37.602
57777.9,-7.60452,36.9894
57911.2,-7.5722,36.1475
58044.9,-7.42755,36.6524
58178.8,-7.60311,36.1326
58313.1,-7.59414,36.9335
58447.6,-7.64758,36.6662
58582.5,-7.66686,36.1947
58717.7,-7.61863,35.9843
58853.2,-7.65387,35.8406
58989,-7.6248,35.8299
59125.1,-7.77795,35.6017
59261.5,-7.72531,36.2414
59398.3,-7.81281,35.0681
59535.3,-7.68773,35.7967
59672.7,-7.68457,35.0849
59810.4,-7.72709,34.8472
59948.4,-7.74975,34.6868
60086.8,-7.77164,34.7232
60225.4,-7.82238,34.9405
60364.4,-7.89013,34.4502
60503.7,-7.91959,34.5044
60643.3,-7.95447,34.4765
60783.2,-7.96306,34.5356
60923.5,-8.03404,34.0174
61064.1,-8.07507,33.8976
61205,-7.92153,34.0426
61346.2,-7.92993,33.9442
61487.8,-8.06957,34.3286
61629.7,-8.16882,33.3626
61771.9,-8.19494,33.1339
61914.4,-8.0827,33.8441
62057.3,-8.0911,33.1409
62200.5,-8.19115,33.3144
62344,-8.20427,33.1109
62487.9,-8.22017,32.8051
62632.1,-8.21571,32.8308
62776.6,-8.30832,32.5796
62921.5,-8.2755,32.1101
63066.7,-8.24755,32.8335
63212.2,-8.41232,32.4659
63358,-8.24769,32.1816
63504.3,-8.31084,31.4173
63650.8,-8.31612,31.4513
63797.7,-8.41652,32.3563
63944.9,-8.34696,31.4102
64092.4,-8.43944,31.9238
64240.3,-8.46747,31.1194
64388.6,-8.51142,31.331
64537.2,-8.51072,31.1107
64686.1,-8.53601,31.05
64835.3,-8.53955,31.2141
64985,-8.6099,30.583
65134.9,-8.64995,30.2967
65285.2,-8.59301,31.0178
65435.9,-8.55992,30.2703
65586.9,-8.54894,30.2803
65738.2,-8.69712,29.5953
65889.9,-8.68526,29.5639
66041.9,-8.80883,29.7952
66194.3,-8.81074,29.7544
66347.1,-8.72855,29.4288
66500.2,-8.762,29.428
66653.6,-8.82211,29.323
66807.4,-8.82833,29.3183
66961.6,-8.87722,29.2585
67116.1,-8.84854,28.699
67271,-8.87589,28.4915
67426.2,-8.99118,28.5578
67581.8,-8.90226,28.9929
67737.8,-9.00263,29.0036
67894.1,-8.97306,28.9138
68050.7,-8.94345,27.9161
68207.8,-9.03002,27.6049
68365.2,-9.0875,27.6374
68522.9,-9.13214,27.8115
68681,-9.09267,27.5963
68839.5,-9.12277,27.691
68998.4,-9.13178,27.4937
69157.6,-9.16343,27.4196
69317.2,-9.15904,27.2917
69477.1,-9.2481,27.0371
69637.4,-9.20739,27.3638
69798.1,-9.31141,26.8614
69959.2,-9.17963,26.7933
70120.6,-9.2724,26.076
70282.4,-9.38181,26.6655
70444.6,-9.41549,26.3057
70607.2,-9.32381,25.783
70770.1,-9.41616,25.8362
70933.4,-9.4316,26.2311
71097.1,-9.39183,25.6235
71261.2,-9.45024,25.5999
71425.6,-9.45797,25.5954
71590.4,-9.49204,25.4955
71755.6,-9.49932,25.2674
71921.2,-9.53945,25.2289
72087.2,-9.51518,24.8456
72253.5,-9.50964,24.9847
72420.2,-9.55721,24.4526
72587.3,-9.53454,24.7067
72754.8,-9.66004,24.0105
72922.7,-9.62573,24.8943
73091,-9.60335,23.985
73259.7,-9.74216,24.394
73428.7,-9.7017,23.6476
73598.1,-9.77002,24.1391
73768,-9.73171,23.8694
73938.2,-9.77596,23.5411
74108.8,-9.80013,23.4769
74279.8,-9.83579,23.2547
74451.2,-9.87693,23.2402
74623,-9.8709,23.0768
74795.2,-9.89297,23.0713
74967.8,-9.87365,22.7752
75140.8,-9.90213,22.8709
75314.2,-9.93352,22.0566
75488,-9.93163,22.5358
75662.2,-9.93776,22.2398
75836.8,-10.0617,21.7015
76011.8,-10.1416,21.8406
76187.2,-10.1167,21.5728
76363,-10.149,21.5446
76539.2,-10.1451,21.4836
76715.8,-10.1557,21.5602
76892.8,-10.1513,21.2333
77070.3,-10.2032,20.9467
77248.1,-10.236,21.1316
77426.4,-10.2368,20.9683
77605,-10.2675,20.6119
77784.1,-10.3103,20.4625
77963.6,-10.2866,20.6746
78143.5,-10.3224,20.6852
78323.8,-10.2883,20.0673
78504.6,-10.3549,19.663
78685.7,-10.4478,19.9609
78867.3,-10.4123,19.4368
79049.3,-10.3737,19.3929
79231.7,-10.4738,19.8449
79414.5,-10.4665,19.1891
79597.8,-10.4764,19.2863
79781.4,-10.508,19.1733
79965.5,-10.5797,19.0776
80150.1,-10.5117,18.6627
80335,-10.6389,18.5434
80520.4,-10.6066,18.5512
80706.2,-10.6451,18.3891
80892.4,-10.6426,18.3028
81079.1,-10.713,18.2632
81266.2,-10.7564,18.0852
81453.7,-10.7137,17.5107
81641.7,-10.7601,17.4242
81830.1,-10.827,17.4015
82018.9,-10.7578,17.6963
82208.2,-10.887,17.3055
82397.9,-10.8289,17.5036
82588,-10.8199,17.1797
82778.6,-10.9024,17.1292
82969.6,-10.9208,16.6759
83161,-10.9329,16.6189
83352.9,-10.9128,16.6882
83545.3,-10.9405,16.4007
83738.1,-11.0306,16.351
83931.3,-11.0132,16.1822
84125,-11.0618,15.9917
84319.1,-11.0668,15.6862
84513.7,-11.0812,15.5828
84708.7,-11.1265,15.3231
84904.2,-11.1903,15.241
85100.1,-11.1842,14.9776
85296.4,-11.2167,15.1841
85493.3,-11.2665,15.0632
85690.6,-11.174,14.7898
85888.3,-11.2739,14.3948
86086.5,-11.2382,14.6204
86285.1,-11.307,14.1274
86484.2,-11.3231,14.3292
86683.8,-11.3444,14.2334
86883.8,-11.3697,14.0377
87084.3,-11.4193,13.9249
87285.3,-11.4076,13.8471
87486.7,-11.4168,13.6129
87688.6,-11.4434,13.2243
87890.9,-11.4585,13.2011
88093.7,-11.5053,13.2338
88297,-11.5257,12.8377
88500.7,-11.5296,12.6954
88705,-11.569,12.6887
88909.7,-11.5957,12.336
89114.8,-11.6273,12.5191
89320.5,-11.6305,12.2648
89526.6,-11.635,11.8706
89733.2,-11.6702,11.7863
89940.2,-11.6978,12.0348
90147.8,-11.7773,11.7416
90355.8,-11.7468,11.561
90564.3,-11.7598,11.1864
90773.3,-11.8175,11.3898
90982.7,-11.8282,10.7437
91192.7,-11.8509,10.7866
91403.1,-11.8427,10.703
91614,-11.8961,10.9452
91825.4,-11.9317,10.6115
92037.3,-11.9289,10.3761
92249.7,-11.9594,10.2965
92462.6,-11.9566,10.0999
92675.9,-11.9979,9.89832
92889.8,-11.9982,10.0779
93104.1,-12.0934,9.79384
93319,-12.0991,9.43403
93534.3,-12.0933,9.59807
93750.2,-12.1208,9.16882
93966.5,-12.1745,9.26974
94183.3,-12.1654,9.11035
94400.6,-12.173,8.67936
94618.5,-12.2086,8.58166
94836.8,-12.2205,8.57988
95055.7,-12.2356,8.51002
95275,-12.2353,8.32013
95494.9,-12.2736,8.1907
95715.2,-12.3325,7.98317
95936.1,-12.3304,7.91917
96157.5,-12.3674,7.50111
96379.3,-12.4189,7.59188
96601.7,-12.4102,7.32233
96824.7,-12.4433,7.24624
97048.1,-12.4511,7.05624
97272,-12.4522,6.92233
97496.5,-12.4651,6.58039
97721.5,-12.5153,6.8499
97947,-12.5121,6.40625
98173,-12.6076,6.31241
98399.5,-12.6212,6.11104
98626.6,-12.6138,6.00921
98854.2,-12.6432,6.11624
99082.3,-12.6461,5.53835
99310.9,-12.68,5.68985
99540.1,-12.7407,5.3518
99769.8,-12.703,5.23224
100000,-12.7421,5.34696
100231,-12.7863,4.90903
100462,-12.8294,4.74147
100694,-12.8168,4.63542
100926,-12.8559,4.63163
101159,-12.8923,4.44818
101393,-12.9329,4.10107
101627,-12.9446,4.04286
101861,-12.9485,3.84265
102096,-12.9607,3.80845
102332,-12.9681,3.73041
102568,-13.0267,3.46128
102804,-13.0817,3.2677
103042,-13.1049,3.20169
103279,-13.1265,2.90576
103518,-13.1433,2.85022
103757,-13.1763,2.79197
103996,-13.1973,2.47846
104236,-13.2083,2.38691
104477,-13.2152,2.32464
104718,-13.2392,2.02964
104959,-13.2669,1.81904
105202,-13.285,1.93061
105444,-13.3111,1.62367
105688,-13.3523,1.59112
105931,-13.3186,1.36395
106176,-13.3673,1.09731
106421,-13.3984,1.10197
106666,-13.4473,1.02191
106913,-13.504,0.720875
107159,-13.4762,0.603011
107407,-13.5032,0.421789
107654,-13.5357,0.414562
107903,-13.526,0.12523
108152,-13.557,0.165948
108401,-13.5392,-0.0392831
108652,-13.6386,-0.0849191
108902,-13.6643,-0.478436
109154,-13.6745,-0.557401
109405,-13.6465,-0.669038
109658,-13.7172,-0.422981
109911,-13.7757,-1.08809
110165,-13.7347,-1.09074
110419,-13.7918,-1.46609
110674,-13.7914,-1.41285
110929,-13.8165,-1.65048
111185,-13.8822,-1.63534
111442,-13.8423,-2.00841
111699,-13.9211,-1.86572
111956,-13.8998,-2.06731
112215,-13.9345,-2.32898
112474,-13.9321,-2.52986
112733,-13.9627,-2.77961
112993,-13.9988,-2.78524
113254,-14.0395,-2.80038
113515,-14.0483,-3.2508
113777,-14.0607,-3.33487
114040,-14.0843,-3.45058
114303,-14.14,-3.55495
114567,-14.1593,-3.60429
114831,-14.1704,-3.90244
115096,-14.1974,-4.10801
115362,-14.2566,-4.40932
115628,-14.2584,-4.32157
115895,-14.3023,-4.3394
116162,-14.2828,-4.61495
116430,-14.2986,-4.7202
116699,-14.3653,-5.2822
116968,-14.401,-5.08765
117238,-14.3906,-5.29874
117509,-14.3911,-5.26071
117780,-14.4154,-5.58254
118052,-14.4341,-5.83588
118324,-14.5243,-5.96313
118597,-14.494,-5.87107
118871,-14.5334,-6.29287
119145,-14.5818,-6.13604
119420,-14.5749,-6.70825
119696,-14.6386,-6.83303
119972,-14.6264,-6.66999
120249,-14.6566,-6.94894
120526,-14.704,-7.08274
120804,-14.694,-7.15904
121083,-14.7265,-7.29462
121362,-14.7631,-7.59921
121642,-14.7828,-7.58162
121923,-14.8006,-7.72732
122204,-14.8767,-8.30586
122486,-14.8459,-8.49567
122769,-14.8815,-8.32645
123052,-14.9574,-8.43916
123336,-14.9088,-8.77334
123621,-14.95,-8.75507
123906,-14.9817,-9.36837
124192,-14.9462,-9.18827
124479,-15.0532,-9.13084
124766,-15.0406,-9.44907
125054,-15.1312,-9.68843
125342,-15.0973,-9.52071
125632,-15.1252,-10.1241
125922,-15.1544,-9.99368
126212,-15.1632,-10.3033
126503,-15.2111,-10.4783
126795,-15.2405,-10.4292
127088,-15.262,-10.9166
127381,-15.2802,-10.83
127675,-15.3149,-11.0593
127970,-15.3254,-11.0179
128265,-15.3646,-11.2296
128561,-15.3913,-11.3055
128858,-15.4009,-11.5238
129155,-15.4414,-11.7594
129453,-15.4228,-11.8683
129752,-15.4873,-12.055
130051,-15.5082,-12.3608
130351,-15.512,-12.3373
130652,-15.4985,-12.4776
130954,-15.5999,-12.6595
131256,-15.587,-12.9898
131559,-15.6094,-12.9792
131862,-15.6605,-13.1555
132166,-15.6732,-13.3196
132471,-15.6947,-13.2693
132777,-15.702,-13.3992
133083,-15.7625,-13.8633
133391,-15.7674,-14.0466
133698,-15.8011,-14.2674
134007,-15.7989,-14.3058
134316,-15.8914,-14.3902
134626,-15.8477,-14.3667
134937,-15.8733,-14.7197
135248,-15.87,-14.8765
135560,-15.9226,-15.0539
135873,-15.9628,-15.2901
136187,-16.0088,-15.1507
136501,-15.9939,-15.4801
136816,-16.0678,-15.4592
137131,-16.0823,-15.7004
137448,-16.0647,-15.9671
137765,-16.1241,-16.0618
138083,-16.0807,-16.2801
138402,-16.1412,-16.4091
138721,-16.142,-16.725
139041,-16.2117,-16.861
139362,-16.2141,-17.0778
139684,-16.24,-17.2701
140006,-16.2818,-17.4028
140329,-16.2732,-16.9794
140653,-16.3437,-17.4977
140977,-16.3209,-17.5724
141303,-16.3467,-17.8186
141629,-16.4347,-18.0881
141955,-16.3739,-18.144
142283,-16.4278,-18.4309
142611,-16.4478,-18.4558
142940,-16.5598,-18.3065
143270,-16.5227,-18.8282
143601,-16.5524,-18.8486
143932,-16.5184,-18.9301
144264,-16.5947,-19.1593
144597,-16.6787,-19.599
144931,-16.6433,-19.9842
145265,-16.7038,-19.5564
145601,-16.7496,-20.0625
145937,-16.6995,-19.8182
146273,-16.7049,-20.3586
146611,-16.8342,-20.4934
146949,-16.8148,-20.5852
147288,-16.84,-20.7878
147628,-16.811,-20.6871
147969,-16.8629,-20.8718
148310,-16.8665,-21.5854
148652,-16.9384,-21.4077
148996,-16.953,-21.5036
149339,-17.0045,-21.4467
149684,-16.9836,-21.6273
150029,-17.0445,-22.0697
150376,-17.0985,-21.9772
150723,-17.072,-21.8611
151070,-17.1028,-22.698
151419,-17.139,-22.8775
151768,-17.1281,-22.7012
152119,-17.1603,-23.0181
152470,-17.1951,-23.1158
152821,-17.2131,-23.4711
153174,-17.1979,-23.279
153528,-17.288,-23.4533
153882,-17.3034,-23.2104
154237,-17.3899,-23.5672
154593,-17.3193,-23.9161
154950,-17.3962,-24.0259
155307,-17.3599,-24.5247
155665,-17.4808,-24.5213
156025,-17.4899,-24.6419
156385,-17.4672,-24.6876
156746,-17.543,-25.1012
157107,-17.5356,-25.1898
157470,-17.5897,-25.2596
157833,-17.6689,-25.4983
158197,-17.587,-25.4096
158562,-17.6521,-25.5945
158928,-17.6314,-26.1708
159295,-17.7119,-26.0288
159663,-17.7451,-26.3431
160031,-17.7072,-26.4681
160400,-17.8119,-26.8099
160770,-17.7704,-26.9676
161141,-17.8104,-26.801
161513,-17.8791,-27.3078
161886,-17.9264,-27.1984
162260,-17.9218,-27.4187
162634,-18.0132,-27.6573
163009,-17.9288,-27.7962
163385,-17.9376,-27.9292
163762,-18.0374,-27.8228
164140,-18.0344,-28.0402
164519,-18.0344,-28.486
164899,-18.0228,-28.2401
165279,-18.0714,-28.7062
165661,-18.1446,-28.5114
166043,-18.1913,-28.5465
166426,-18.112,-28.7477
166810,-18.2116,-28.7052
167195,-18.2652,-29.5106
167581,-18.2789,-29.7128
167967,-18.2531,-29.6716
168355,-18.3269,-29.4575
168744,-18.3235,-29.8963
169133,-18.3972,-30.4445
169523,-18.3686,-30.0402
169914,-18.4079,-30.7984
170307,-18.3994,-30.7747
170699,-18.4216,-30.7388
171093,-18.5068,-30.4036
171488,-18.4832,-30.9457
171884,-18.5618,-31.1837
172281,-18.5142,-31.3843
172678,-18.5429,-31.777
173077,-18.6679,-31.087
173476,-18.6274,-31.6669
173876,-18.6749,-32.0395
174277,-18.6425,-32.3929
174680,-18.6727,-31.9881
175083,-18.7082,-32.4502
175487,-18.7739,-31.6711
175892,-18.781,-32.6994
176298,-18.7964,-32.6932
176704,-18.8369,-32.7159
177112,-18.951,-32.7303
177521,-18.8309,-33.1004
177930,-18.9531,-33.2345
178341,-18.9199,-33.3633
178753,-19.0524,-33.7639
179165,-18.9863,-33.5295
179578,-19.0465,-34.337
179993,-19.0871,-34.3629
180408,-19.0439,-34.8843
180824,-19.0949,-34.7572
181242,-19.1654,-34.6564
181660,-19.1464,-34.9963
182079,-19.2057,-35.4345
182499,-19.2248,-35.0746
182920,-19.2146,-35.4431
183343,-19.2453,-35.6406
183766,-19.3203,-35.4381
184190,-19.2451,-36.1432
184615,-19.3436,-35.8931
185041,-19.3023,-36.0024
185468,-19.3775,-36.8252
185896,-19.5383,-36.7965
186325,-19.4097,-36.5227
186755,-19.4912,-36.6586
187186,-19.4204,-36.7829
187617,-19.5766,-37.3164
188050,-19.483,-37.4327
188484,-19.5731,-37.3609
188919,-19.4498,-38.0287
189355,-19.5944,-37.905
189792,-19.6667,-38.0007
190230,-19.6301,-38.255
190669,-19.5335,-38.1945
191109,-19.7839,-38.2373
191550,-19.8328,-38.7256
191992,-19.7436,-38.6952
192435,-19.8744,-38.8299
192879,-19.8537,-39.4477
193324,-19.8396,-39.2999
193770,-19.8816,-38.8347
194217,-19.9197,-38.5336
194666,-19.9269,-39.2727
195115,-20.0076,-39.7796
195565,-20.0493,-39.7794
196016,-19.9557,-39.7685
196469,-20.0839,-40.2713
196922,-20.1066,-40.2291
197376,-20.1066,-40.0105
197832,-20.0607,-40.6391
198288,-20.0612,-40.3869
198746,-20.0682,-40.8675
199205,-20.1971,-41.3507
199664,-20.2633,-41.3161
200125,-20.2361,-42.5885
200587,-20.219,-40.6956
201050,-20.2953,-41.6891
201514,-20.3389,-41.6302
201979,-20.3447,-42.1017
202445,-20.4038,-42.2882
202912,-20.4622,-42.0861
203380,-20.4606,-41.7484
203849,-20.4326,-42.5162
204320,-20.394,-43.3116
204791,-20.4629,-42.9646
205264,-20.6067,-42.8772
205737,-20.484,-43.2746
206212,-20.7068,-42.7673
206688,-20.6226,-43.8306
207165,-20.5112,-43.6919
207643,-20.7168,-43.8266
208122,-20.7856,-44.3818
208602,-20.6532,-45.2439
209084,-20.8264,-44.2962
209566,-20.8415,-44.0647
210050,-20.7049,-44.4779
210535,-20.7772,-44.0776
211020,-20.9928,-44.4323
211507,-20.7686,-45.5153
211995,-20.8521,-44.7716
212485,-20.9223,-45.7644
212975,-20.7647,-44.7676
213466,-21.0564,-45.1053
213959,-21.0834,-45.5107
214453,-21.0243,-45.671
214947,-21.1547,-45.8413
215443,-20.9347,-45.4199
215941,-21.1046,-46.0456
216439,-21.1594,-47.207
216938,-21.291,-46.3471
217439,-21.0532,-45.9722
217941,-21.2202,-47.9169
218444,-21.3177,-47.0229
218948,-21.2825,-48.306
219453,-21.2812,-47.643
219959,-21.2431,-46.3341
220467,-21.5056,-48.4754
220976,-21.3671,-47.5948
221486,-21.4596,-48.1375
221997,-21.5046,-48.4094
222509,-21.2194,-48.6162
223022,-21.5937,-47.8996
223537,-21.5375,-48.663
224053,-21.6315,-48.3625
224570,-21.6007,-49.3242
225088,-21.4401,-49.1889
225607,-21.5781,-49.7207
226128,-21.5862,-49.5342
226650,-21.6692,-49.7299
227173,-21.6258,-49.4807
227697,-21.822,-50.8352
228222,-21.7799,-50.6222
228749,-21.8148,-49.9199
229277,-21.8026,-50.6394
229806,-21.7652,-50.834
230336,-21.8658,-51.2213
230868,-21.7865,-50.3996
231401,-21.806,-50.2111
231935,-21.9152,-50.7719
232470,-21.9432,-50.9692
233006,-21.9899,-52.1448
233544,-22.1564,-51.1895
234083,-22.0533,-52.0325
234623,-22.0422,-52.0454
235164,-22.1988,-52.1189
235707,-22.1759,-51.0122
236251,-22.0731,-52.9413
236796,-22.1916,-51.9861
237342,-22.2876,-53.0211
237890,-22.2881,-53.1416
238439,-22.1795,-52.0339
238989,-22.3959,-53.91
239541,-22.3625,-53.8683
240093,-22.4526,-53.4836
240648,-22.3187,-53.4134
241203,-22.4879,-53.3901
241759,-22.3517,-54.5868
242317,-22.5572,-53.9414
242876,-22.4983,-54.3807
243437,-22.5336,-54.4959
243999,-22.6468,-53.6249
244562,-22.7008,-55.3598
245126,-22.7062,-54.9722
245692,-22.6551,-55.2254
246259,-22.8032,-54.9694
246827,-22.7742,-55.2111
247396,-22.8027,-54.9167
247967,-22.6638,-56.2451
248539,-22.7056,-55.3429
249113,-22.8915,-55.5862
249688,-22.8389,-55.4261
250264,-23.0066,-55.1323
250842,-22.9786,-55.0419
251420,-22.8384,-56.3942
252000,-22.8923,-56.4582
252582,-22.9825,-56.8264
253165,-22.9702,-58.0948
253749,-23.1275,-57.7289
254335,-23.1003,-56.5844
254921,-23.0519,-57.1181
255510,-23.0929,-57.3647
256099,-23.1757,-57.9342
256690,-23.2184,-56.6472
257283,-23.1307,-56.8836
257876,-23.1895,-56.9569
258471,-23.313,-57.7121
259068,-23.3054,-58.0445
259666,-23.3273,-58.5381
260265,-23.5756,-58.2744
260865,-23.2455,-58.2607
261467,-23.4508,-58.9552
262071,-23.4176,-58.7373
262675,-23.4324,-58.5972
263282,-23.4883,-60.644
263889,-23.486,-60.5062
264498,-23.6516,-59.523
265108,-23.6722,-59.837
265720,-23.7683,-59.8012
266333,-23.6086,-59.8994
266948,-23.5897,-61.2373
267564,-23.7118,-59.9013
268181,-23.5887,-60.3259
268800,-23.8388,-61.3911
269420,-23.8198,-60.7963
270042,-23.9652,-61.1304
270665,-24.0906,-61.1818
271290,-23.9361,-62.501
271916,-23.794,-60.8351
272543,-24.0286,-62.1412
273172,-24.0778,-61.3245
273803,-24.049,-61.2554
274434,-24.3354,-62.4232
275068,-23.8645,-60.5136
275702,-24.0858,-62.0552
276339,-24.3541,-61.7012
276976,-24.22,-62.4334
277615,-24.058,-62.9485
278256,-24.1819,-62.1535
278898,-23.9844,-62.5328
279542,-24.365,-63.96
280187,-24.1,-62.7512
280833,-24.205,-63.0458
281481,-24.4021,-63.4154
282131,-24.1856,-64.1668
282782,-24.6292,-63.5875
283434,-24.3923,-64.4347
284088,-24.4533,-63.5493
284744,-24.6505,-63.9283
285401,-24.5902,-64.1995
286060,-24.4351,-64.5289
286720,-24.6113,-64.2959
287381,-24.8655,-65.0058
288044,-24.7894,-64.3302
288709,-24.5723,-65.329
289375,-24.7797,-65.1952
290043,-24.9777,-66.6082
290712,-24.6826,-65.0013
291383,-24.7083,-65.6872
292056,-25.0275,-66.0411
292729,-24.6505,-67.0367
293405,-24.7145,-66.3041
294082,-24.9496,-66.2011
294761,-24.9999,-67.5039
295441,-24.6767,-65.8618
296123,-24.9746,-67.6432
296806,-24.9671,-67.0234
297491,-25.1229,-66.4519
298177,-25.1177,-67.1099
298865,-25.1479,-65.8727
299555,-25.2966,-68.6218
300246,-25.4547,-66.9363
300939,-25.4531,-66.8982
301633,-25.1092,-67.9724
302329,-25.1136,-67.5402
303027,-25.2106,-67.7289
303726,-25.6553,-67.5276
304427,-25.4059,-68.3616
305130,-25.4645,-69.1031
305834,-25.1047,-67.8927
306540,-25.4883,-69.8063
307247,-25.3458,-68.826
307956,-25.5444,-70.6859
308666,-25.448,-71.3018
309379,-25.7436,-69.6959
310093,-25.6396,-69.0364
310808,-25.7116,-68.7834
311525,-25.7615,-70.3166
312244,-25.5869,-70.1147
312965,-25.5815,-70.6585
313687,-25.7107,-69.1392
314411,-25.9661,-70.716
315136,-25.8193,-71.2956
315864,-25.7541,-71.5494
316592,-25.8598,-70.968
317323,-25.7652,-71.3572
318055,-26.0337,-72.6299
318789,-25.5243,-70.8709
319525,-25.857,-72.2189
320262,-25.936,-70.9065
321001,-26.0428,-72.2532
321742,-26.1549,-72.4069
322484,-25.9156,-72.0615
323228,-26.0766,-70.1322
323974,-25.9804,-73.219
324722,-26.1488,-72.5998
325471,-26.2112,-72.2595
326222,-26.1771,-73.233
326975,-26.2031,-71.9525
327729,-26.299,-72.6499
328486,-26.2035,-72.2186
329244,-26.378,-71.8574
330003,-26.2911,-73.5038
330765,-26.1308,-72.7634
331528,-26.2815,-74.6005
332293,-26.3927,-73.0316
333060,-26.5106,-74.1224
333829,-26.7056,-73.0521
334599,-26.6005,-75.868
335371,-26.4247,-73.2026
336145,-26.4194,-74.2068
336921,-26.6446,-75.4185
337698,-26.7844,-74.5763
338477,-26.3606,-75.1823
339258,-26.9177,-74.8761
340041,-27.0095,-74.9287
340826,-26.9889,-75.6606
341612,-26.8714,-76.6784
342401,-26.7469,-74.6228
343191,-26.9518,-75.9104
343983,-26.9532,-76.3739
344776,-26.9418,-75.2423
345572,-26.9175,-74.5638
346369,-27.2976,-76.7638
347169,-27.0213,-76.5842
347970,-27.2521,-75.6794
348773,-27.0722,-77.1882
349578,-27.3233,-75.8521
350384,-27.0614,-76.6077
351193,-27.2815,-75.3393
352003,-27.4124,-75.4898
352815,-27.0598,-77.3496
353630,-27.2885,-76.2854
354446,-27.3759,-76.7089
355263,-27.2008,-77.9663
356083,-27.2317,-78.5035
356905,-27.3432,-77.8842
357729,-27.5186,-77.0851
358554,-27.6584,-77.8004
359381,-27.3493,-79.2239
360211,-27.5585,-77.2336
361042,-27.482,-78.1174
361875,-27.4966,-78.1286
362710,-27.5337,-78.0905
363547,-27.7194,-79.9833
364386,-27.8189,-80.6019
365227,-27.5501,-80.1204
366070,-27.5503,-77.186
366914,-27.6125,-78.8328
367761,-27.5521,-79.2041
368610,-27.7843,-78.7007
369460,-27.8186,-79.4538
370313,-28.0083,-78.6727
371167,-27.4862,-79.896
372024,-27.8763,-81.6233
372882,-27.8169,-78.5039
373743,-27.8654,-79.6842
374605,-28.1806,-79.9203
375469,-28.0417,-80.1377
376336,-28.0487,-80.6722
377204,-27.962,-80.6455
378075,-27.9237,-83.0149
378947,-28.0344,-82.8342
379822,-28.0236,-82.0364
380698,-28.2878,-81.9466
381576,-28.2139,-80.6437
382457,-28.2021,-81.651
383340,-28.2175,-81.2759
384224,-28.3705,-81.3891
385111,-28.7057,-81.2282
385999,-28.393,-79.8369
386890,-28.2157,-83.2268
387783,-28.4269,-82.4852
388678,-28.2801,-82.3378
389575,-28.1891,-82.0043
390474,-28.5068,-82.65
391375,-28.4193,-83.6778
392278,-28.5054,-80.4812
393183,-28.3792,-83.6489
394090,-28.4167,-84.5353
395000,-28.4609,-83.8419
395911,-28.7017,-82.9635
396825,-28.63,-84.2802
397740,-28.9001,-83.7623
398658,-28.7409,-82.3581
399578,-28.9259,-83.9776
400500,-28.9967,-82.2433
401424,-28.7171,-85.8973
402351,-28.6285,-86.0028
403279,-28.9775,-83.7362
404210,-29.1356,-83.9044
405142,-28.6737,-84.1352
406077,-28.7828,-84.1514
407014,-29.066,-84.8829
407953,-28.9431,-84.9817
408895,-28.9405,-87.9737
409838,-29.0931,-85.2325
410784,-29.3736,-84.7685
411732,-29.3303,-85.6502
412682,-28.955,-85.2064
413634,-29.3589,-83.3754
414589,-29.3999,-85.4799
415546,-29.2923,-84.3129
416504,-29.5906,-85.3764
417466,-29.1418,-87.9893
418429,-29.4604,-87.6704
419394,-29.3451,-84.6046
420362,-29.3451,-84.4137
421332,-29.2868,-85.8696
422304,-29.438,-87.7823
423279,-29.598,-87.071
424256,-29.546,-84.9332
425235,-29.7423,-85.6643
426216,-29.7595,-85.8841
427199,-29.7689,-85.4478
428185,-29.9024,-86.9779
429173,-30.3415,-86.784
430164,-29.7095,-86.5808
431156,-29.9072,-86.4141
432151,-29.7033,-89.0995
433148,-29.8618,-88.3865
434148,-29.8522,-87.9072
435150,-29.3828,-87.1995
436154,-29.6194,-87.5034
437160,-29.7111,-89.1648
438169,-30.2798,-89.9043
439180,-29.9235,-88.0994
440194,-29.9656,-87.5886
441209,-30.0144,-89.102
442227,-30.4063,-88.2225
443248,-30.1383,-89.2819
444271,-30.1024,-88.3379
445296,-30.4801,-89.2807
446323,-30.0602,-86.1387
447353,-29.8956,-90.0231
448386,-30.2496,-91.7456
449420,-30.524,-90.3133
450457,-30.1926,-91.0045
451497,-30.149,-89.3777
452539,-30.171,-90.6884
453583,-30.3781,-89.5206
454630,-30.6725,-88.0069
455679,-30.8548,-89.4869
456730,-30.1815,-88.2659
457784,-30.3141,-92.297
458840,-30.4711,-90.7507
459899,-30.2048,-92.5972
460960,-30.2617,-91.1221
462024,-30.9037,-90.3979
463090,-30.3794,-90.2904
464159,-30.6834,-91.0445
465230,-30.5457,-89.4678
466303,-30.6783,-93.3099
467380,-30.6529,-91.1785
468458,-30.9215,-92.4514
469539,-30.9256,-90.6076
470622,-30.747,-91.379
471708,-30.9828,-93.2763
472797,-31.0581,-91.7967
473888,-30.7335,-91.8308
474981,-31.0381,-92.9928
476078,-31.0645,-92.6157
477176,-31.4104,-93.4422
478277,-30.7776,-92.5597
479381,-31.116,-94.2793
480487,-30.8087,-93.6523
481596,-31.3687,-94.4117
482707,-31.27,-93.4019
483821,-31.3843,-92.9235
484937,-31.3806,-94.2122
486056,-31.4023,-93.3951
487178,-32.3985,-92.8728
488302,-31.6216,-96.3336
489429,-31.4987,-95.831
490558,-31.337,-92.7864
491690,-31.8435,-96.6126
492825,-31.552,-94.2643
493962,-31.691,-97.2351
495102,-31.3561,-95.4755
496244,-31.3029,-94.3666
497390,-31.6522,-93.8892
498537,-31.1911,-94.5331
499688,-31.3934,-95.6856
500841,-31.6483,-94.617
501997,-31.6658,-95.5372
503155,-31.7189,-94.8904
504316,-31.7524,-95.9034
505480,-32.8025,-94.728
506646,-31.4419,-95.8002
507815,-31.9409,-96.1048
508987,-32.4743,-96.5567
510162,-32.0338,-95.5218
511339,-32.4344,-95.3327
512519,-31.791,-96.7266
513701,-32.0652,-96.9114
514887,-31.9836,-96.7896
516075,-32.416,-97.5474
517266,-32.1093,-96.6014
518459,-32.1425,-94.8476
519656,-32.2655,-97.6548
520855,-32.0589,-96.9082
522057,-32.0782,-97.1841
523261,-32.3944,-96.309
524469,-33.2565,-97.1738
525679,-32.3074,-96.9668
526892,-32.536,-97.5852
528108,-32.9959,-98.063
529327,-33.1994,-95.0811
530548,-32.4488,-96.5509
531772,-32.1189,-96.8878
532999,-33.3354,-99.4271
534229,-32.8029,-98.5575
535462,-32.3789,-97.932
536698,-33.4999,-99.2354
537936,-32.4615,-96.7687
539177,-32.5012,-97.5628
540422,-32.4254,-98.5467
541669,-32.7097,-97.9959
542919,-33.297,-96.9227
544171,-32.6761,-98.3454
545427,-32.7001,-97.3507
546686,-33.1553,-96.8752
547947,-32.9097,-97.3495
549212,-33.2745,-99.5357
550479,-32.8492,-98.1564
551749,-32.8475,-98.2871
553022,-32.762,-99.9621
554299,-33.0409,-98.8173
555578,-33.1821,-99.9162
556860,-33.4673,-98.7452
558145,-33.3833,-99.0795
559433,-33.1249,-99.7524
560723,-33.0622,-98.5816
562017,-33.0333,-98.6062
563314,-34.2822,-101.59
564614,-33.3831,-98.7914
565917,-34.1484,-101.231
567223,-33.6854,-99.4734
568532,-33.6607,-99.8144
569844,-33.3697,-100.455
571159,-34.2965,-98.812
572477,-33.2495,-101.663
573798,-34.8011,-99.6875
575122,-33.5698,-100.996
576449,-33.4435,-98.3726
577779,-33.4558,-101.383
579112,-34.4369,-99.8658
580449,-34.4278,-99.6861
581788,-33.4741,-101.909
583131,-33.6325,-102.824
584476,-34.7818,-100.824
585825,-34.083,-100.304
587177,-33.4566,-101.479
588532,-33.9931,-100.788
589890,-34.7422,-101.397
591251,-34.1861,-103.346
592615,-33.7871,-99.7539
593983,-33.9859,-103.406
595353,-34.4074,-100.393
596727,-34.5289,-102.309
598104,-35.337,-101.787
599484,-34.8088,-101.857
600868,-33.822,-103.86
602254,-34.358,-105.261
603644,-34.2894,-102.031
605037,-34.1544,-102.174
606433,-34.5265,-102.878
607832,-34.4106,-103.472
609235,-34.2259,-102.374
610641,-34.7765,-103.328
612050,-35.2224,-102.334
613462,-34.6407,-102.794
614878,-34.5452,-103.192
616297,-34.3941,-101.703
617719,-34.1547,-103.616
619144,-34.4905,-102.181
620573,-34.4471,-103.449
622005,-34.4194,-102.907
623440,-34.4399,-103.712
624879,-35.5909,-103.278
626321,-34.6106,-102.376
627766,-35.2699,-106.813
629215,-34.4934,-104.203
630667,-35.0385,-104.411
632122,-34.9444,-104.841
633580,-34.4039,-102.737
635043,-34.7031,-101.772
636508,-34.8103,-103.416
637977,-35.6025,-101.999
639449,-34.969,-105.518
640924,-35.0216,-104.936
642403,-35.5437,-105.062
643886,-36.2738,-105.88
645372,-35.1502,-107.208
646861,-36.4594,-105.074
648353,-36.34,-104.156
649850,-35.4112,-106.426
651349,-35.0921,-103.715
652852,-35.4464,-106.194
654359,-34.9267,-104.246
655869,-35.3326,-106.492
657382,-35.3805,-106.972
658899,-35.2293,-104.903
660419,-35.1387,-107.14
661943,-35.5998,-103.627
663471,-36.5336,-105.684
665002,-35.2374,-106.84
666536,-35.3746,-105.115
668074,-35.6075,-107.755
669616,-36.8053,-107.496
671161,-36.1468,-105.988
672710,-36.5191,-105.349
674262,-35.4616,-106.497
675818,-36.581,-107.296
677378,-36.0152,-107.461
678941,-35.9879,-105.494
680507,-37.3928,-104.058
682078,-37.4853,-105.49
683652,-35.8205,-105.782
685229,-35.7071,-107.091
686810,-35.5915,-106.578
688395,-36.0205,-106.417
689984,-36.2168,-107.044
691576,-37.1247,-107.3
693172,-36.1519,-108.647
694771,-36.1405,-107.121
696374,-37.5543,-107.379
697981,-36.0022,-105.128
699592,-38.0446,-105.488
701206,-36.3275,-103.616
702824,-35.9763,-107.699
704446,-35.9993,-107.913
706072,-37.2559,-104.77
707701,-36.7584,-109.805
709334,-36.378,-107.582
710971,-36.249,-105.733
712612,-36.1973,-107.877
714256,-36.4434,-107.794
715904,-36.8932,-107.058
717556,-37.1473,-108.511
719212,-37.415,-105.465
720872,-38.0739,-106.228
722535,-38.5213,-107.526
724202,-36.9372,-110.197
725873,-36.4314,-109.32
727548,-37.8371,-109.194
729227,-37.5072,-107.963
730910,-38.2797,-108.314
732597,-37.5781,-107.869
734287,-37.3751,-112.456
735981,-38.9884,-108.408
737680,-37.2512,-106.566
739382,-37.128,-107.898
741088,-37.9303,-110.672
742798,-38.3669,-107.858
744512,-37.1845,-108.026
746230,-36.9546,-107.418
747952,-37.0612,-111.47
749678,-37.0054,-109.158
751408,-36.935,-111.374
753142,-37.0695,-108.893
754880,-37.8892,-109.317
756622,-37.4239,-111.182
758368,-38.3557,-107.685
760118,-37.3082,-107.7
761872,-38.3249,-107.007
763630,-39.3772,-110.254
765392,-38.2589,-108.12
767158,-37.5418,-110.904
768928,-38.3722,-111.082
770703,-38.5622,-110.537
772481,-39.3338,-110.062
774264,-37.8643,-109.274
776050,-37.9851,-109.123
777841,-40.1129,-111.854
779636,-39.1458,-108.63
781435,-38.9869,-113.619
783238,-39.948,-111.39
785046,-39.7558,-110.574
786857,-38.8471,-112.561
788673,-40.1942,-108.24
790493,-38.0923,-114.276
792317,-38.6987,-110.69
794145,-37.6165,-110.167
795978,-39.7776,-109.513
797814,-38.3862,-110.774
799655,-38.2753,-107.986
801501,-37.8547,-111.663
803350,-39.995,-109.999
805204,-38.0471,-109.476
807062,-39.8095,-112.222
808924,-40.9665,-111.45
810791,-37.7256,-112.787
812662,-37.7643,-108.253
814537,-37.8193,-107.595
816417,-39.0257,-110.39
818301,-38.5757,-114.175
820189,-38.3305,-107.078
822082,-38.4657,-109.459
823979,-39.6766,-108.712
825880,-39.2246,-112.967
827786,-40.1156,-113.424
829696,-40.467,-108.404
831610,-39.8658,-107.501
833529,-39.3556,-108.869
835453,-40.7805,-114.149
837381,-41.0355,-110.715
839313,-40.6622,-110.983
841250,-39.5344,-110.913
843191,-41.1473,-108.928
845137,-40.042,-111.541
847087,-38.827,-111.908
849042,-41.377,-111.697
851001,-38.6403,-114.038
852964,-38.7683,-113.144
854933,-41.6255,-112.673
856906,-41.1749,-110.849
858883,-39.2338,-114.682
860865,-41.1914,-112.363
862851,-40.4418,-110.71
864842,-40.2832,-106.16
866838,-41.2996,-110.48
868838,-41.8559,-110.261
870843,-39.0026,-113.322
872853,-39.0332,-111.951
874867,-39.5223,-114.771
876886,-41.75,-112.736
878909,-41.6896,-110.865
880937,-41.3042,-112.644
882970,-41.7085,-114.647
885007,-40.0921,-112.465
887050,-41.2964,-109.857
889097,-41.5894,-114.233
891148,-41.0576,-108.769
893205,-41.777,-112.313
895266,-41.7638,-110.023
897332,-41.9217,-113.096
899402,-39.3149,-112.896
901478,-41.1012,-110.073
903558,-42.0243,-111.544
905643,-39.5517,-110.714
907733,-39.8907,-115.285
909827,-40.1771,-111.27
911927,-41.5432,-107.176
914031,-41.2336,-112.994
916140,-42.1419,-113.891
918254,-39.5965,-108.864
920373,-41.9507,-113.702
922497,-40.6241,-111.48
924626,-42.1817,-114.386
926759,-42.7166,-114.867
928898,-42.6374,-114.831
931041,-43.1316,-112.467
933190,-40.3864,-109.269
935343,-42.3844,-114.994
937502,-42.5853,-115.422
939665,-42.106,-114.392
941833,-40.2936,-113.197
944006,-40.728,-108.71
946185,-40.8326,-111.027
948368,-42.4202,-112.073
950557,-40.7133,-116.39
952750,-42.5359,-115.004
954949,-40.3785,-109.32
957152,-43.9556,-112.906
959361,-44.0255,-113.61
961575,-41.2933,-116.166
963793,-42.4555,-114.614
966017,-44.0042,-105.43
968247,-40.6928,-109.038
970481,-44.0675,-110.004
972720,-41.3542,-105.526
974965,-42.9967,-114.048
977215,-42.0354,-112.312
979470,-42.3289,-112.182
981730,-40.5538,-110.401
983995,-42.9484,-113.117
986266,-42.4165,-113.816
988542,-43.937,-110.28
990823,-43.9569,-115.162
993109,-44.1784,-112.9
995401,-42.2621,-117.098
997698,-43.5928,-109.436
1.00E+06,-43.8464,-120.408
